blc_additional_offer_info,BLC_ORDER_ORDER_ID,bigint(20),\N,PRI
blc_additional_offer_info,OFFER_INFO_ID,bigint(20),\N,MUL
blc_additional_offer_info,OFFER_ID,bigint(20),\N,PRI
blc_address,ADDRESS_ID,bigint(20),\N,PRI
blc_address,ADDRESS_LINE1,varchar(255),\N,
blc_address,ADDRESS_LINE2,varchar(255),\N,
blc_address,ADDRESS_LINE3,varchar(255),\N,
blc_address,CITY,varchar(255),\N,
blc_address,COMPANY_NAME,varchar(255),\N,
blc_address,COUNTY,varchar(255),\N,
blc_address,EMAIL_ADDRESS,varchar(255),\N,
blc_address,FAX,varchar(255),\N,
blc_address,FIRST_NAME,varchar(255),\N,
blc_address,FULL_NAME,varchar(255),\N,
blc_address,IS_ACTIVE,tinyint(1),\N,
blc_address,IS_BUSINESS,tinyint(1),\N,
blc_address,IS_DEFAULT,tinyint(1),\N,
blc_address,IS_MAILING,tinyint(1),\N,
blc_address,IS_STREET,tinyint(1),\N,
blc_address,ISO_COUNTRY_SUB,varchar(255),\N,
blc_address,LAST_NAME,varchar(255),\N,
blc_address,POSTAL_CODE,varchar(255),\N,
blc_address,PRIMARY_PHONE,varchar(255),\N,
blc_address,SECONDARY_PHONE,varchar(255),\N,
blc_address,STANDARDIZED,tinyint(1),\N,
blc_address,SUB_STATE_PROV_REG,varchar(255),\N,
blc_address,TOKENIZED_ADDRESS,varchar(255),\N,
blc_address,VERIFICATION_LEVEL,varchar(255),\N,
blc_address,ZIP_FOUR,varchar(255),\N,
blc_address,COUNTRY,varchar(255),\N,MUL
blc_address,ISO_COUNTRY_ALPHA2,varchar(255),\N,MUL
blc_address,PHONE_FAX_ID,bigint(20),\N,MUL
blc_address,PHONE_PRIMARY_ID,bigint(20),\N,MUL
blc_address,PHONE_SECONDARY_ID,bigint(20),\N,MUL
blc_address,STATE_PROV_REGION,varchar(255),\N,MUL
blc_admin_module,ADMIN_MODULE_ID,bigint(20),\N,PRI
blc_admin_module,DISPLAY_ORDER,int(11),\N,
blc_admin_module,ICON,varchar(255),\N,
blc_admin_module,MODULE_KEY,varchar(255),\N,
blc_admin_module,NAME,varchar(255),\N,MUL
blc_admin_password_token,PASSWORD_TOKEN,varchar(255),\N,PRI
blc_admin_password_token,ADMIN_USER_ID,bigint(20),\N,
blc_admin_password_token,CREATE_DATE,datetime,\N,
blc_admin_password_token,TOKEN_USED_DATE,datetime,\N,
blc_admin_password_token,TOKEN_USED_FLAG,tinyint(1),\N,
blc_admin_permission,ADMIN_PERMISSION_ID,bigint(20),\N,PRI
blc_admin_permission,DESCRIPTION,varchar(255),\N,
blc_admin_permission,IS_FRIENDLY,tinyint(1),\N,
blc_admin_permission,NAME,varchar(255),\N,
blc_admin_permission,PERMISSION_TYPE,varchar(255),\N,
blc_admin_permission_entity,ADMIN_PERMISSION_ENTITY_ID,bigint(20),\N,PRI
blc_admin_permission_entity,CEILING_ENTITY,varchar(255),\N,
blc_admin_permission_entity,ADMIN_PERMISSION_ID,bigint(20),\N,MUL
blc_admin_permission_xref,CHILD_PERMISSION_ID,bigint(20),\N,MUL
blc_admin_permission_xref,ADMIN_PERMISSION_ID,bigint(20),\N,MUL
blc_admin_role,ADMIN_ROLE_ID,bigint(20),\N,PRI
blc_admin_role,CREATED_BY,bigint(20),\N,
blc_admin_role,DATE_CREATED,datetime,\N,
blc_admin_role,DATE_UPDATED,datetime,\N,
blc_admin_role,UPDATED_BY,bigint(20),\N,
blc_admin_role,DESCRIPTION,varchar(255),\N,
blc_admin_role,NAME,varchar(255),\N,
blc_admin_role_permission_xref,ADMIN_ROLE_ID,bigint(20),\N,PRI
blc_admin_role_permission_xref,ADMIN_PERMISSION_ID,bigint(20),\N,PRI
blc_admin_section,ADMIN_SECTION_ID,bigint(20),\N,PRI
blc_admin_section,CEILING_ENTITY,varchar(255),\N,
blc_admin_section,DISPLAY_CONTROLLER,varchar(255),\N,
blc_admin_section,DISPLAY_ORDER,int(11),\N,
blc_admin_section,NAME,varchar(255),\N,MUL
blc_admin_section,SECTION_KEY,varchar(255),\N,UNI
blc_admin_section,URL,varchar(255),\N,
blc_admin_section,USE_DEFAULT_HANDLER,tinyint(1),\N,
blc_admin_section,ADMIN_MODULE_ID,bigint(20),\N,MUL
blc_admin_sec_perm_xref,ADMIN_SECTION_ID,bigint(20),\N,MUL
blc_admin_sec_perm_xref,ADMIN_PERMISSION_ID,bigint(20),\N,MUL
blc_admin_user,ADMIN_USER_ID,bigint(20),\N,PRI
blc_admin_user,ACTIVE_STATUS_FLAG,tinyint(1),\N,
blc_admin_user,ARCHIVED,char(1),\N,
blc_admin_user,CREATED_BY,bigint(20),\N,
blc_admin_user,DATE_CREATED,datetime,\N,
blc_admin_user,DATE_UPDATED,datetime,\N,
blc_admin_user,UPDATED_BY,bigint(20),\N,
blc_admin_user,EMAIL,varchar(255),\N,MUL
blc_admin_user,LOGIN,varchar(255),\N,
blc_admin_user,NAME,varchar(255),\N,MUL
blc_admin_user,PASSWORD,varchar(255),\N,
blc_admin_user,PHONE_NUMBER,varchar(255),\N,
blc_admin_user_addtl_fields,ATTRIBUTE_ID,bigint(20),\N,PRI
blc_admin_user_addtl_fields,FIELD_NAME,varchar(255),\N,MUL
blc_admin_user_addtl_fields,FIELD_VALUE,varchar(255),\N,
blc_admin_user_addtl_fields,ADMIN_USER_ID,bigint(20),\N,MUL
blc_admin_user_permission_xref,ADMIN_USER_ID,bigint(20),\N,PRI
blc_admin_user_permission_xref,ADMIN_PERMISSION_ID,bigint(20),\N,PRI
blc_admin_user_role_xref,ADMIN_USER_ID,bigint(20),\N,PRI
blc_admin_user_role_xref,ADMIN_ROLE_ID,bigint(20),\N,PRI
blc_admin_user_sandbox,SANDBOX_ID,bigint(20),\N,MUL
blc_admin_user_sandbox,ADMIN_USER_ID,bigint(20),\N,PRI
blc_asset_desc_map,STATIC_ASSET_ID,bigint(20),\N,PRI
blc_asset_desc_map,STATIC_ASSET_DESC_ID,bigint(20),\N,MUL
blc_asset_desc_map,MAP_KEY,varchar(255),\N,PRI
blc_bank_account_payment,PAYMENT_ID,bigint(20),\N,PRI
blc_bank_account_payment,ACCOUNT_NUMBER,varchar(255),\N,
blc_bank_account_payment,REFERENCE_NUMBER,varchar(255),\N,MUL
blc_bank_account_payment,ROUTING_NUMBER,varchar(255),\N,
blc_bundle_order_item,BASE_RETAIL_PRICE,decimal(19\,5),\N,
blc_bundle_order_item,BASE_SALE_PRICE,decimal(19\,5),\N,
blc_bundle_order_item,ORDER_ITEM_ID,bigint(20),\N,PRI
blc_bundle_order_item,PRODUCT_BUNDLE_ID,bigint(20),\N,MUL
blc_bundle_order_item,SKU_ID,bigint(20),\N,MUL
blc_bund_item_fee_price,BUND_ITEM_FEE_PRICE_ID,bigint(20),\N,PRI
blc_bund_item_fee_price,AMOUNT,decimal(19\,5),\N,
blc_bund_item_fee_price,IS_TAXABLE,tinyint(1),\N,
blc_bund_item_fee_price,NAME,varchar(255),\N,
blc_bund_item_fee_price,REPORTING_CODE,varchar(255),\N,
blc_bund_item_fee_price,BUND_ORDER_ITEM_ID,bigint(20),\N,MUL
blc_candidate_fg_offer,CANDIDATE_FG_OFFER_ID,bigint(20),\N,PRI
blc_candidate_fg_offer,DISCOUNTED_PRICE,decimal(19\,5),\N,
blc_candidate_fg_offer,FULFILLMENT_GROUP_ID,bigint(20),\N,MUL
blc_candidate_fg_offer,OFFER_ID,bigint(20),\N,MUL
blc_candidate_item_offer,CANDIDATE_ITEM_OFFER_ID,bigint(20),\N,PRI
blc_candidate_item_offer,DISCOUNTED_PRICE,decimal(19\,5),\N,
blc_candidate_item_offer,OFFER_ID,bigint(20),\N,MUL
blc_candidate_item_offer,ORDER_ITEM_ID,bigint(20),\N,MUL
blc_candidate_order_offer,CANDIDATE_ORDER_OFFER_ID,bigint(20),\N,PRI
blc_candidate_order_offer,DISCOUNTED_PRICE,decimal(19\,5),\N,
blc_candidate_order_offer,OFFER_ID,bigint(20),\N,MUL
blc_candidate_order_offer,ORDER_ID,bigint(20),\N,MUL
blc_catalog,CATALOG_ID,bigint(20),\N,PRI
blc_catalog,ARCHIVED,char(1),\N,
blc_catalog,CREATED_BY,bigint(20),\N,
blc_catalog,DATE_CREATED,datetime,\N,
blc_catalog,DATE_UPDATED,datetime,\N,
blc_catalog,UPDATED_BY,bigint(20),\N,
blc_catalog,NAME,varchar(255),\N,
blc_category,CATEGORY_ID,bigint(20),\N,PRI
blc_category,ACTIVE_END_DATE,datetime,\N,
blc_category,ACTIVE_START_DATE,datetime,\N,
blc_category,ARCHIVED,char(1),\N,
blc_category,DESCRIPTION,varchar(255),\N,
blc_category,DISPLAY_TEMPLATE,varchar(255),\N,
blc_category,EXTERNAL_ID,varchar(255),\N,MUL
blc_category,FULFILLMENT_TYPE,varchar(255),\N,
blc_category,INVENTORY_TYPE,varchar(255),\N,
blc_category,LONG_DESCRIPTION,longtext,\N,
blc_category,NAME,varchar(255),\N,MUL
blc_category,OVERRIDE_GENERATED_URL,tinyint(1),\N,
blc_category,TAX_CODE,varchar(255),\N,
blc_category,URL,varchar(255),\N,MUL
blc_category,URL_KEY,varchar(255),\N,MUL
blc_category,DEFAULT_PARENT_CATEGORY_ID,bigint(20),\N,MUL
blc_category_attribute,CATEGORY_ATTRIBUTE_ID,bigint(20),\N,PRI
blc_category_attribute,NAME,varchar(255),\N,MUL
blc_category_attribute,SEARCHABLE,tinyint(1),\N,
blc_category_attribute,VALUE,varchar(255),\N,
blc_category_attribute,CATEGORY_ID,bigint(20),\N,MUL
blc_category_media_map,CATEGORY_MEDIA_ID,bigint(20),\N,PRI
blc_category_media_map,MAP_KEY,varchar(255),\N,
blc_category_media_map,BLC_CATEGORY_CATEGORY_ID,bigint(20),\N,MUL
blc_category_media_map,MEDIA_ID,bigint(20),\N,MUL
blc_category_product_xref,CATEGORY_PRODUCT_ID,bigint(20),\N,PRI
blc_category_product_xref,DEFAULT_REFERENCE,tinyint(1),\N,
blc_category_product_xref,DISPLAY_ORDER,decimal(10\,6),\N,
blc_category_product_xref,CATEGORY_ID,bigint(20),\N,MUL
blc_category_product_xref,PRODUCT_ID,bigint(20),\N,MUL
blc_category_xref,CATEGORY_XREF_ID,bigint(20),\N,PRI
blc_category_xref,DEFAULT_REFERENCE,tinyint(1),\N,
blc_category_xref,DISPLAY_ORDER,decimal(10\,6),\N,
blc_category_xref,CATEGORY_ID,bigint(20),\N,MUL
blc_category_xref,SUB_CATEGORY_ID,bigint(20),\N,MUL
blc_cat_search_facet_excl_xref,CAT_EXCL_SEARCH_FACET_ID,bigint(20),\N,PRI
blc_cat_search_facet_excl_xref,SEQUENCE,decimal(19\,2),\N,
blc_cat_search_facet_excl_xref,CATEGORY_ID,bigint(20),\N,MUL
blc_cat_search_facet_excl_xref,SEARCH_FACET_ID,bigint(20),\N,MUL
blc_cat_search_facet_xref,CATEGORY_SEARCH_FACET_ID,bigint(20),\N,PRI
blc_cat_search_facet_xref,SEQUENCE,decimal(19\,2),\N,
blc_cat_search_facet_xref,CATEGORY_ID,bigint(20),\N,MUL
blc_cat_search_facet_xref,SEARCH_FACET_ID,bigint(20),\N,MUL
blc_cat_site_map_gen_cfg,ENDING_DEPTH,int(11),\N,
blc_cat_site_map_gen_cfg,STARTING_DEPTH,int(11),\N,
blc_cat_site_map_gen_cfg,GEN_CONFIG_ID,bigint(20),\N,PRI
blc_cat_site_map_gen_cfg,ROOT_CATEGORY_ID,bigint(20),\N,MUL
blc_challenge_question,QUESTION_ID,bigint(20),\N,PRI
blc_challenge_question,QUESTION,varchar(255),\N,
blc_cms_menu,MENU_ID,bigint(20),\N,PRI
blc_cms_menu,NAME,varchar(255),\N,
blc_cms_menu_item,MENU_ITEM_ID,bigint(20),\N,PRI
blc_cms_menu_item,ACTION_URL,varchar(255),\N,
blc_cms_menu_item,ALT_TEXT,varchar(255),\N,
blc_cms_menu_item,CUSTOM_HTML,longtext,\N,
blc_cms_menu_item,LABEL,varchar(255),\N,
blc_cms_menu_item,SEQUENCE,decimal(10\,6),\N,
blc_cms_menu_item,MENU_ITEM_TYPE,varchar(255),\N,
blc_cms_menu_item,MEDIA_ID,bigint(20),\N,MUL
blc_cms_menu_item,LINKED_MENU_ID,bigint(20),\N,MUL
blc_cms_menu_item,LINKED_PAGE_ID,bigint(20),\N,MUL
blc_cms_menu_item,PARENT_MENU_ID,bigint(20),\N,MUL
blc_code_types,CODE_ID,bigint(20),\N,PRI
blc_code_types,CODE_TYPE,varchar(255),\N,
blc_code_types,CODE_DESC,varchar(255),\N,
blc_code_types,CODE_KEY,varchar(255),\N,
blc_code_types,MODIFIABLE,char(1),\N,
blc_country,ABBREVIATION,varchar(255),\N,PRI
blc_country,CREATED_BY,bigint(20),\N,
blc_country,DATE_CREATED,datetime,\N,
blc_country,DATE_UPDATED,datetime,\N,
blc_country,UPDATED_BY,bigint(20),\N,
blc_country,NAME,varchar(255),\N,
blc_country_sub,ABBREVIATION,varchar(255),\N,PRI
blc_country_sub,ALT_ABBREVIATION,varchar(255),\N,MUL
blc_country_sub,CREATED_BY,bigint(20),\N,
blc_country_sub,DATE_CREATED,datetime,\N,
blc_country_sub,DATE_UPDATED,datetime,\N,
blc_country_sub,UPDATED_BY,bigint(20),\N,
blc_country_sub,NAME,varchar(255),\N,MUL
blc_country_sub,COUNTRY_SUB_CAT,bigint(20),\N,MUL
blc_country_sub,COUNTRY,varchar(255),\N,MUL
blc_country_sub_cat,COUNTRY_SUB_CAT_ID,bigint(20),\N,PRI
blc_country_sub_cat,CREATED_BY,bigint(20),\N,
blc_country_sub_cat,DATE_CREATED,datetime,\N,
blc_country_sub_cat,DATE_UPDATED,datetime,\N,
blc_country_sub_cat,UPDATED_BY,bigint(20),\N,
blc_country_sub_cat,NAME,varchar(255),\N,
blc_credit_card_payment,PAYMENT_ID,bigint(20),\N,PRI
blc_credit_card_payment,EXPIRATION_MONTH,int(11),\N,
blc_credit_card_payment,EXPIRATION_YEAR,int(11),\N,
blc_credit_card_payment,NAME_ON_CARD,varchar(255),\N,
blc_credit_card_payment,PAN,varchar(255),\N,
blc_credit_card_payment,REFERENCE_NUMBER,varchar(255),\N,MUL
blc_currency,CURRENCY_CODE,varchar(255),\N,PRI
blc_currency,CREATED_BY,bigint(20),\N,
blc_currency,DATE_CREATED,datetime,\N,
blc_currency,DATE_UPDATED,datetime,\N,
blc_currency,UPDATED_BY,bigint(20),\N,
blc_currency,DEFAULT_FLAG,tinyint(1),\N,
blc_currency,FRIENDLY_NAME,varchar(255),\N,
blc_customer,CUSTOMER_ID,bigint(20),\N,PRI
blc_customer,ARCHIVED,char(1),\N,
blc_customer,CREATED_BY,bigint(20),\N,
blc_customer,DATE_CREATED,datetime,\N,
blc_customer,DATE_UPDATED,datetime,\N,
blc_customer,UPDATED_BY,bigint(20),\N,
blc_customer,CHALLENGE_ANSWER,varchar(255),\N,
blc_customer,DEACTIVATED,tinyint(1),\N,
blc_customer,EMAIL_ADDRESS,varchar(255),\N,MUL
blc_customer,FIRST_NAME,varchar(255),\N,
blc_customer,IS_TAX_EXEMPT,tinyint(1),\N,
blc_customer,LAST_NAME,varchar(255),\N,
blc_customer,PASSWORD,varchar(255),\N,
blc_customer,PASSWORD_CHANGE_REQUIRED,tinyint(1),\N,
blc_customer,IS_PREVIEW,tinyint(1),\N,
blc_customer,RECEIVE_EMAIL,tinyint(1),\N,
blc_customer,IS_REGISTERED,tinyint(1),\N,
blc_customer,TAX_EXEMPTION_CODE,varchar(255),\N,
blc_customer,USER_NAME,varchar(255),\N,
blc_customer,CHALLENGE_QUESTION_ID,bigint(20),\N,MUL
blc_customer,LOCALE_CODE,varchar(255),\N,MUL
blc_customer_address,CUSTOMER_ADDRESS_ID,bigint(20),\N,PRI
blc_customer_address,ADDRESS_NAME,varchar(255),\N,
blc_customer_address,ARCHIVED,char(1),\N,
blc_customer_address,ADDRESS_ID,bigint(20),\N,MUL
blc_customer_address,CUSTOMER_ID,bigint(20),\N,MUL
blc_customer_attribute,CUSTOMER_ATTR_ID,bigint(20),\N,PRI
blc_customer_attribute,NAME,varchar(255),\N,
blc_customer_attribute,VALUE,varchar(255),\N,
blc_customer_attribute,CUSTOMER_ID,bigint(20),\N,MUL
blc_customer_offer_xref,CUSTOMER_OFFER_ID,bigint(20),\N,PRI
blc_customer_offer_xref,CUSTOMER_ID,bigint(20),\N,MUL
blc_customer_offer_xref,OFFER_ID,bigint(20),\N,MUL
blc_customer_password_token,PASSWORD_TOKEN,varchar(255),\N,PRI
blc_customer_password_token,CREATE_DATE,datetime,\N,
blc_customer_password_token,CUSTOMER_ID,bigint(20),\N,
blc_customer_password_token,TOKEN_USED_DATE,datetime,\N,
blc_customer_password_token,TOKEN_USED_FLAG,tinyint(1),\N,
blc_customer_payment,CUSTOMER_PAYMENT_ID,bigint(20),\N,PRI
blc_customer_payment,IS_DEFAULT,tinyint(1),\N,
blc_customer_payment,GATEWAY_TYPE,varchar(255),\N,
blc_customer_payment,PAYMENT_TOKEN,varchar(255),\N,
blc_customer_payment,PAYMENT_TYPE,varchar(255),\N,MUL
blc_customer_payment,ADDRESS_ID,bigint(20),\N,MUL
blc_customer_payment,CUSTOMER_ID,bigint(20),\N,MUL
blc_customer_payment_fields,CUSTOMER_PAYMENT_ID,bigint(20),\N,PRI
blc_customer_payment_fields,FIELD_VALUE,longtext,\N,
blc_customer_payment_fields,FIELD_NAME,varchar(255),\N,PRI
blc_customer_phone,CUSTOMER_PHONE_ID,bigint(20),\N,PRI
blc_customer_phone,PHONE_NAME,varchar(255),\N,
blc_customer_phone,CUSTOMER_ID,bigint(20),\N,MUL
blc_customer_phone,PHONE_ID,bigint(20),\N,MUL
blc_customer_role,CUSTOMER_ROLE_ID,bigint(20),\N,PRI
blc_customer_role,CUSTOMER_ID,bigint(20),\N,MUL
blc_customer_role,ROLE_ID,bigint(20),\N,MUL
blc_cust_site_map_gen_cfg,GEN_CONFIG_ID,bigint(20),\N,PRI
blc_data_drvn_enum,ENUM_ID,bigint(20),\N,PRI
blc_data_drvn_enum,ENUM_KEY,varchar(255),\N,MUL
blc_data_drvn_enum,MODIFIABLE,tinyint(1),\N,
blc_data_drvn_enum_val,ENUM_VAL_ID,bigint(20),\N,PRI
blc_data_drvn_enum_val,DISPLAY,varchar(255),\N,
blc_data_drvn_enum_val,HIDDEN,tinyint(1),\N,MUL
blc_data_drvn_enum_val,ENUM_KEY,varchar(255),\N,MUL
blc_data_drvn_enum_val,ENUM_TYPE,bigint(20),\N,MUL
blc_discrete_order_item,BASE_RETAIL_PRICE,decimal(19\,5),\N,
blc_discrete_order_item,BASE_SALE_PRICE,decimal(19\,5),\N,
blc_discrete_order_item,ORDER_ITEM_ID,bigint(20),\N,PRI
blc_discrete_order_item,BUNDLE_ORDER_ITEM_ID,bigint(20),\N,MUL
blc_discrete_order_item,PRODUCT_ID,bigint(20),\N,MUL
blc_discrete_order_item,SKU_ID,bigint(20),\N,MUL
blc_discrete_order_item,SKU_BUNDLE_ITEM_ID,bigint(20),\N,MUL
blc_disc_item_fee_price,DISC_ITEM_FEE_PRICE_ID,bigint(20),\N,PRI
blc_disc_item_fee_price,AMOUNT,decimal(19\,5),\N,
blc_disc_item_fee_price,NAME,varchar(255),\N,
blc_disc_item_fee_price,REPORTING_CODE,varchar(255),\N,
blc_disc_item_fee_price,ORDER_ITEM_ID,bigint(20),\N,MUL
blc_dyn_discrete_order_item,ORDER_ITEM_ID,bigint(20),\N,PRI
blc_email_tracking,EMAIL_TRACKING_ID,bigint(20),\N,PRI
blc_email_tracking,DATE_SENT,datetime,\N,
blc_email_tracking,EMAIL_ADDRESS,varchar(255),\N,MUL
blc_email_tracking,TYPE,varchar(255),\N,
blc_email_tracking_clicks,CLICK_ID,bigint(20),\N,PRI
blc_email_tracking_clicks,CUSTOMER_ID,varchar(255),\N,MUL
blc_email_tracking_clicks,DATE_CLICKED,datetime,\N,
blc_email_tracking_clicks,DESTINATION_URI,varchar(255),\N,
blc_email_tracking_clicks,QUERY_STRING,varchar(255),\N,
blc_email_tracking_clicks,EMAIL_TRACKING_ID,bigint(20),\N,MUL
blc_email_tracking_opens,OPEN_ID,bigint(20),\N,PRI
blc_email_tracking_opens,DATE_OPENED,datetime,\N,
blc_email_tracking_opens,USER_AGENT,varchar(255),\N,
blc_email_tracking_opens,EMAIL_TRACKING_ID,bigint(20),\N,MUL
blc_fg_adjustment,FG_ADJUSTMENT_ID,bigint(20),\N,PRI
blc_fg_adjustment,ADJUSTMENT_REASON,varchar(255),\N,
blc_fg_adjustment,ADJUSTMENT_VALUE,decimal(19\,5),\N,
blc_fg_adjustment,FULFILLMENT_GROUP_ID,bigint(20),\N,MUL
blc_fg_adjustment,OFFER_ID,bigint(20),\N,MUL
blc_fg_fee_tax_xref,FULFILLMENT_GROUP_FEE_ID,bigint(20),\N,MUL
blc_fg_fee_tax_xref,TAX_DETAIL_ID,bigint(20),\N,PRI
blc_fg_fg_tax_xref,FULFILLMENT_GROUP_ID,bigint(20),\N,MUL
blc_fg_fg_tax_xref,TAX_DETAIL_ID,bigint(20),\N,PRI
blc_fg_item_tax_xref,FULFILLMENT_GROUP_ITEM_ID,bigint(20),\N,MUL
blc_fg_item_tax_xref,TAX_DETAIL_ID,bigint(20),\N,PRI
blc_field,FIELD_ID,bigint(20),\N,PRI
blc_field,ABBREVIATION,varchar(255),\N,
blc_field,CREATED_BY,bigint(20),\N,
blc_field,DATE_CREATED,datetime,\N,
blc_field,DATE_UPDATED,datetime,\N,
blc_field,UPDATED_BY,bigint(20),\N,
blc_field,ENTITY_TYPE,varchar(255),\N,MUL
blc_field,FRIENDLY_NAME,varchar(255),\N,
blc_field,OVERRIDE_GENERATED_PROP_NAME,tinyint(1),\N,
blc_field,PROPERTY_NAME,varchar(255),\N,
blc_field,TRANSLATABLE,tinyint(1),\N,
blc_fld_def,FLD_DEF_ID,bigint(20),\N,PRI
blc_fld_def,ALLOW_MULTIPLES,tinyint(1),\N,
blc_fld_def,COLUMN_WIDTH,varchar(255),\N,
blc_fld_def,FLD_ORDER,int(11),\N,
blc_fld_def,FLD_TYPE,varchar(255),\N,
blc_fld_def,FRIENDLY_NAME,varchar(255),\N,
blc_fld_def,HELP_TEXT,varchar(255),\N,
blc_fld_def,HIDDEN_FLAG,tinyint(1),\N,
blc_fld_def,HINT,varchar(255),\N,
blc_fld_def,MAX_LENGTH,int(11),\N,
blc_fld_def,NAME,varchar(255),\N,
blc_fld_def,REQUIRED_FLAG,tinyint(1),\N,
blc_fld_def,SECURITY_LEVEL,varchar(255),\N,
blc_fld_def,TEXT_AREA_FLAG,tinyint(1),\N,
blc_fld_def,TOOLTIP,varchar(255),\N,
blc_fld_def,VLDTN_ERROR_MSSG_KEY,varchar(255),\N,
blc_fld_def,VLDTN_REGEX,varchar(255),\N,
blc_fld_def,ENUM_ID,bigint(20),\N,MUL
blc_fld_def,FLD_GROUP_ID,bigint(20),\N,MUL
blc_fld_enum,FLD_ENUM_ID,bigint(20),\N,PRI
blc_fld_enum,NAME,varchar(255),\N,
blc_fld_enum_item,FLD_ENUM_ITEM_ID,bigint(20),\N,PRI
blc_fld_enum_item,FLD_ORDER,int(11),\N,
blc_fld_enum_item,FRIENDLY_NAME,varchar(255),\N,
blc_fld_enum_item,NAME,varchar(255),\N,
blc_fld_enum_item,FLD_ENUM_ID,bigint(20),\N,MUL
blc_fld_group,FLD_GROUP_ID,bigint(20),\N,PRI
blc_fld_group,INIT_COLLAPSED_FLAG,tinyint(1),\N,
blc_fld_group,IS_MASTER_FIELD_GROUP,tinyint(1),\N,
blc_fld_group,NAME,varchar(255),\N,
blc_fulfillment_group,FULFILLMENT_GROUP_ID,bigint(20),\N,PRI
blc_fulfillment_group,DELIVERY_INSTRUCTION,varchar(255),\N,
blc_fulfillment_group,PRICE,decimal(19\,5),\N,
blc_fulfillment_group,SHIPPING_PRICE_TAXABLE,tinyint(1),\N,
blc_fulfillment_group,MERCHANDISE_TOTAL,decimal(19\,5),\N,
blc_fulfillment_group,METHOD,varchar(255),\N,MUL
blc_fulfillment_group,IS_PRIMARY,tinyint(1),\N,MUL
blc_fulfillment_group,REFERENCE_NUMBER,varchar(255),\N,MUL
blc_fulfillment_group,RETAIL_PRICE,decimal(19\,5),\N,
blc_fulfillment_group,SALE_PRICE,decimal(19\,5),\N,
blc_fulfillment_group,FULFILLMENT_GROUP_SEQUNCE,int(11),\N,
blc_fulfillment_group,SERVICE,varchar(255),\N,MUL
blc_fulfillment_group,SHIPPING_OVERRIDE,tinyint(1),\N,
blc_fulfillment_group,STATUS,varchar(255),\N,MUL
blc_fulfillment_group,TOTAL,decimal(19\,5),\N,
blc_fulfillment_group,TOTAL_FEE_TAX,decimal(19\,5),\N,
blc_fulfillment_group,TOTAL_FG_TAX,decimal(19\,5),\N,
blc_fulfillment_group,TOTAL_ITEM_TAX,decimal(19\,5),\N,
blc_fulfillment_group,TOTAL_TAX,decimal(19\,5),\N,
blc_fulfillment_group,TYPE,varchar(255),\N,
blc_fulfillment_group,ADDRESS_ID,bigint(20),\N,MUL
blc_fulfillment_group,FULFILLMENT_OPTION_ID,bigint(20),\N,MUL
blc_fulfillment_group,ORDER_ID,bigint(20),\N,MUL
blc_fulfillment_group,PERSONAL_MESSAGE_ID,bigint(20),\N,MUL
blc_fulfillment_group,PHONE_ID,bigint(20),\N,MUL
blc_fulfillment_group_fee,FULFILLMENT_GROUP_FEE_ID,bigint(20),\N,PRI
blc_fulfillment_group_fee,AMOUNT,decimal(19\,5),\N,
blc_fulfillment_group_fee,FEE_TAXABLE_FLAG,tinyint(1),\N,
blc_fulfillment_group_fee,NAME,varchar(255),\N,
blc_fulfillment_group_fee,REPORTING_CODE,varchar(255),\N,
blc_fulfillment_group_fee,TOTAL_FEE_TAX,decimal(19\,5),\N,
blc_fulfillment_group_fee,FULFILLMENT_GROUP_ID,bigint(20),\N,MUL
blc_fulfillment_group_item,FULFILLMENT_GROUP_ITEM_ID,bigint(20),\N,PRI
blc_fulfillment_group_item,PRORATED_ORDER_ADJ,decimal(19\,2),\N,
blc_fulfillment_group_item,QUANTITY,int(11),\N,
blc_fulfillment_group_item,STATUS,varchar(255),\N,MUL
blc_fulfillment_group_item,TOTAL_ITEM_AMOUNT,decimal(19\,5),\N,
blc_fulfillment_group_item,TOTAL_ITEM_TAXABLE_AMOUNT,decimal(19\,5),\N,
blc_fulfillment_group_item,TOTAL_ITEM_TAX,decimal(19\,5),\N,
blc_fulfillment_group_item,FULFILLMENT_GROUP_ID,bigint(20),\N,MUL
blc_fulfillment_group_item,ORDER_ITEM_ID,bigint(20),\N,MUL
blc_fulfillment_option,FULFILLMENT_OPTION_ID,bigint(20),\N,PRI
blc_fulfillment_option,FULFILLMENT_TYPE,varchar(255),\N,
blc_fulfillment_option,LONG_DESCRIPTION,longtext,\N,
blc_fulfillment_option,NAME,varchar(255),\N,
blc_fulfillment_option,TAX_CODE,varchar(255),\N,
blc_fulfillment_option,TAXABLE,tinyint(1),\N,
blc_fulfillment_option,USE_FLAT_RATES,tinyint(1),\N,
blc_fulfillment_option_fixed,PRICE,decimal(19\,5),\N,
blc_fulfillment_option_fixed,FULFILLMENT_OPTION_ID,bigint(20),\N,PRI
blc_fulfillment_option_fixed,CURRENCY_CODE,varchar(255),\N,MUL
blc_fulfillment_opt_banded_prc,FULFILLMENT_OPTION_ID,bigint(20),\N,PRI
blc_fulfillment_opt_banded_wgt,FULFILLMENT_OPTION_ID,bigint(20),\N,PRI
blc_fulfillment_price_band,FULFILLMENT_PRICE_BAND_ID,bigint(20),\N,PRI
blc_fulfillment_price_band,RESULT_AMOUNT,decimal(19\,5),\N,
blc_fulfillment_price_band,RESULT_AMOUNT_TYPE,varchar(255),\N,
blc_fulfillment_price_band,RETAIL_PRICE_MINIMUM_AMOUNT,decimal(19\,5),\N,
blc_fulfillment_price_band,FULFILLMENT_OPTION_ID,bigint(20),\N,MUL
blc_fulfillment_weight_band,FULFILLMENT_WEIGHT_BAND_ID,bigint(20),\N,PRI
blc_fulfillment_weight_band,RESULT_AMOUNT,decimal(19\,5),\N,
blc_fulfillment_weight_band,RESULT_AMOUNT_TYPE,varchar(255),\N,
blc_fulfillment_weight_band,MINIMUM_WEIGHT,decimal(19\,5),\N,
blc_fulfillment_weight_band,WEIGHT_UNIT_OF_MEASURE,varchar(255),\N,
blc_fulfillment_weight_band,FULFILLMENT_OPTION_ID,bigint(20),\N,MUL
blc_giftwrap_order_item,ORDER_ITEM_ID,bigint(20),\N,PRI
blc_gift_card_payment,PAYMENT_ID,bigint(20),\N,PRI
blc_gift_card_payment,PAN,varchar(255),\N,
blc_gift_card_payment,PIN,varchar(255),\N,
blc_gift_card_payment,REFERENCE_NUMBER,varchar(255),\N,MUL
blc_id_generation,ID_TYPE,varchar(255),\N,PRI
blc_id_generation,BATCH_SIZE,bigint(20),\N,
blc_id_generation,BATCH_START,bigint(20),\N,
blc_id_generation,ID_MIN,bigint(20),\N,
blc_id_generation,ID_MAX,bigint(20),\N,
blc_id_generation,version,int(11),\N,
blc_img_static_asset,HEIGHT,int(11),\N,
blc_img_static_asset,WIDTH,int(11),\N,
blc_img_static_asset,STATIC_ASSET_ID,bigint(20),\N,PRI
blc_index_field,INDEX_FIELD_ID,bigint(20),\N,PRI
blc_index_field,ARCHIVED,char(1),\N,
blc_index_field,SEARCHABLE,tinyint(1),\N,
blc_index_field,FIELD_ID,bigint(20),\N,MUL
blc_index_field_type,INDEX_FIELD_TYPE_ID,bigint(20),\N,PRI
blc_index_field_type,ARCHIVED,char(1),\N,
blc_index_field_type,FIELD_TYPE,varchar(255),\N,
blc_index_field_type,INDEX_FIELD_ID,bigint(20),\N,MUL
blc_iso_country,ALPHA_2,varchar(255),\N,PRI
blc_iso_country,ALPHA_3,varchar(255),\N,
blc_iso_country,CREATED_BY,bigint(20),\N,
blc_iso_country,DATE_CREATED,datetime,\N,
blc_iso_country,DATE_UPDATED,datetime,\N,
blc_iso_country,UPDATED_BY,bigint(20),\N,
blc_iso_country,NAME,varchar(255),\N,
blc_iso_country,NUMERIC_CODE,int(11),\N,
blc_iso_country,STATUS,varchar(255),\N,
blc_item_offer_qualifier,ITEM_OFFER_QUALIFIER_ID,bigint(20),\N,PRI
blc_item_offer_qualifier,QUANTITY,bigint(20),\N,
blc_item_offer_qualifier,OFFER_ID,bigint(20),\N,MUL
blc_item_offer_qualifier,ORDER_ITEM_ID,bigint(20),\N,MUL
blc_locale,LOCALE_CODE,varchar(255),\N,PRI
blc_locale,CREATED_BY,bigint(20),\N,
blc_locale,DATE_CREATED,datetime,\N,
blc_locale,DATE_UPDATED,datetime,\N,
blc_locale,UPDATED_BY,bigint(20),\N,
blc_locale,DEFAULT_FLAG,tinyint(1),\N,
blc_locale,FRIENDLY_NAME,varchar(255),\N,
blc_locale,USE_IN_SEARCH_INDEX,tinyint(1),\N,
blc_locale,CURRENCY_CODE,varchar(255),\N,MUL
blc_media,MEDIA_ID,bigint(20),\N,PRI
blc_media,ALT_TEXT,varchar(255),\N,
blc_media,TAGS,varchar(255),\N,
blc_media,TITLE,varchar(255),\N,MUL
blc_media,URL,varchar(255),\N,MUL
blc_module_configuration,MODULE_CONFIG_ID,bigint(20),\N,PRI
blc_module_configuration,ACTIVE_END_DATE,datetime,\N,
blc_module_configuration,ACTIVE_START_DATE,datetime,\N,
blc_module_configuration,ARCHIVED,char(1),\N,
blc_module_configuration,CREATED_BY,bigint(20),\N,
blc_module_configuration,DATE_CREATED,datetime,\N,
blc_module_configuration,DATE_UPDATED,datetime,\N,
blc_module_configuration,UPDATED_BY,bigint(20),\N,
blc_module_configuration,CONFIG_TYPE,varchar(255),\N,
blc_module_configuration,IS_DEFAULT,tinyint(1),\N,
blc_module_configuration,MODULE_NAME,varchar(255),\N,
blc_module_configuration,MODULE_PRIORITY,int(11),\N,
blc_offer,OFFER_ID,bigint(20),\N,PRI
blc_offer,APPLY_TO_SALE_PRICE,tinyint(1),\N,
blc_offer,ARCHIVED,char(1),\N,
blc_offer,AUTOMATICALLY_ADDED,tinyint(1),\N,
blc_offer,COMBINABLE_WITH_OTHER_OFFERS,tinyint(1),\N,
blc_offer,OFFER_DESCRIPTION,varchar(255),\N,
blc_offer,OFFER_DISCOUNT_TYPE,varchar(255),\N,MUL
blc_offer,END_DATE,datetime,\N,
blc_offer,MARKETING_MESSASGE,varchar(255),\N,MUL
blc_offer,MAX_USES_PER_CUSTOMER,bigint(20),\N,
blc_offer,MAX_USES,int(11),\N,
blc_offer,OFFER_NAME,varchar(255),\N,MUL
blc_offer,OFFER_ITEM_QUALIFIER_RULE,varchar(255),\N,
blc_offer,OFFER_ITEM_TARGET_RULE,varchar(255),\N,
blc_offer,ORDER_MIN_TOTAL,decimal(19\,5),\N,
blc_offer,OFFER_PRIORITY,int(11),\N,
blc_offer,QUALIFYING_ITEM_MIN_TOTAL,decimal(19\,5),\N,
blc_offer,REQUIRES_RELATED_TAR_QUAL,tinyint(1),\N,
blc_offer,START_DATE,datetime,\N,
blc_offer,TARGET_SYSTEM,varchar(255),\N,
blc_offer,TOTALITARIAN_OFFER,tinyint(1),\N,
blc_offer,OFFER_TYPE,varchar(255),\N,MUL
blc_offer,OFFER_VALUE,decimal(19\,5),\N,
blc_offer_audit,OFFER_AUDIT_ID,bigint(20),\N,PRI
blc_offer_audit,CUSTOMER_ID,bigint(20),\N,MUL
blc_offer_audit,OFFER_CODE_ID,bigint(20),\N,MUL
blc_offer_audit,OFFER_ID,bigint(20),\N,MUL
blc_offer_audit,ORDER_ID,bigint(20),\N,MUL
blc_offer_audit,REDEEMED_DATE,datetime,\N,
blc_offer_code,OFFER_CODE_ID,bigint(20),\N,PRI
blc_offer_code,ARCHIVED,char(1),\N,
blc_offer_code,MAX_USES,int(11),\N,
blc_offer_code,OFFER_CODE,varchar(255),\N,MUL
blc_offer_code,END_DATE,datetime,\N,
blc_offer_code,START_DATE,datetime,\N,
blc_offer_code,USES,int(11),\N,
blc_offer_code,OFFER_ID,bigint(20),\N,MUL
blc_offer_info,OFFER_INFO_ID,bigint(20),\N,PRI
blc_offer_info_fields,OFFER_INFO_FIELDS_ID,bigint(20),\N,PRI
blc_offer_info_fields,FIELD_VALUE,varchar(255),\N,
blc_offer_info_fields,FIELD_NAME,varchar(255),\N,PRI
blc_offer_item_criteria,OFFER_ITEM_CRITERIA_ID,bigint(20),\N,PRI
blc_offer_item_criteria,ORDER_ITEM_MATCH_RULE,longtext,\N,
blc_offer_item_criteria,QUANTITY,int(11),\N,
blc_offer_rule,OFFER_RULE_ID,bigint(20),\N,PRI
blc_offer_rule,MATCH_RULE,longtext,\N,
blc_offer_rule_map,OFFER_OFFER_RULE_ID,bigint(20),\N,PRI
blc_offer_rule_map,MAP_KEY,varchar(255),\N,
blc_offer_rule_map,BLC_OFFER_OFFER_ID,bigint(20),\N,MUL
blc_offer_rule_map,OFFER_RULE_ID,bigint(20),\N,MUL
blc_order,ORDER_ID,bigint(20),\N,PRI
blc_order,CREATED_BY,bigint(20),\N,
blc_order,DATE_CREATED,datetime,\N,
blc_order,DATE_UPDATED,datetime,\N,
blc_order,UPDATED_BY,bigint(20),\N,
blc_order,EMAIL_ADDRESS,varchar(255),\N,MUL
blc_order,NAME,varchar(255),\N,MUL
blc_order,ORDER_NUMBER,varchar(255),\N,MUL
blc_order,IS_PREVIEW,tinyint(1),\N,
blc_order,ORDER_STATUS,varchar(255),\N,MUL
blc_order,ORDER_SUBTOTAL,decimal(19\,5),\N,
blc_order,SUBMIT_DATE,datetime,\N,
blc_order,TAX_OVERRIDE,tinyint(1),\N,
blc_order,ORDER_TOTAL,decimal(19\,5),\N,
blc_order,TOTAL_SHIPPING,decimal(19\,5),\N,
blc_order,TOTAL_TAX,decimal(19\,5),\N,
blc_order,CURRENCY_CODE,varchar(255),\N,MUL
blc_order,CUSTOMER_ID,bigint(20),\N,MUL
blc_order,LOCALE_CODE,varchar(255),\N,MUL
blc_order_adjustment,ORDER_ADJUSTMENT_ID,bigint(20),\N,PRI
blc_order_adjustment,ADJUSTMENT_REASON,varchar(255),\N,
blc_order_adjustment,ADJUSTMENT_VALUE,decimal(19\,5),\N,
blc_order_adjustment,OFFER_ID,bigint(20),\N,MUL
blc_order_adjustment,ORDER_ID,bigint(20),\N,MUL
blc_order_attribute,ORDER_ATTRIBUTE_ID,bigint(20),\N,PRI
blc_order_attribute,NAME,varchar(255),\N,
blc_order_attribute,VALUE,varchar(255),\N,
blc_order_attribute,ORDER_ID,bigint(20),\N,MUL
blc_order_item,ORDER_ITEM_ID,bigint(20),\N,PRI
blc_order_item,CREATED_BY,bigint(20),\N,
blc_order_item,DATE_CREATED,datetime,\N,
blc_order_item,DATE_UPDATED,datetime,\N,
blc_order_item,UPDATED_BY,bigint(20),\N,
blc_order_item,DISCOUNTS_ALLOWED,tinyint(1),\N,
blc_order_item,ITEM_TAXABLE_FLAG,tinyint(1),\N,
blc_order_item,NAME,varchar(255),\N,
blc_order_item,ORDER_ITEM_TYPE,varchar(255),\N,MUL
blc_order_item,PRICE,decimal(19\,5),\N,
blc_order_item,QUANTITY,int(11),\N,
blc_order_item,RETAIL_PRICE,decimal(19\,5),\N,
blc_order_item,RETAIL_PRICE_OVERRIDE,tinyint(1),\N,
blc_order_item,SALE_PRICE,decimal(19\,5),\N,
blc_order_item,SALE_PRICE_OVERRIDE,tinyint(1),\N,
blc_order_item,TOTAL_TAX,decimal(19\,2),\N,
blc_order_item,CATEGORY_ID,bigint(20),\N,MUL
blc_order_item,GIFT_WRAP_ITEM_ID,bigint(20),\N,MUL
blc_order_item,ORDER_ID,bigint(20),\N,MUL
blc_order_item,PARENT_ORDER_ITEM_ID,bigint(20),\N,MUL
blc_order_item,PERSONAL_MESSAGE_ID,bigint(20),\N,MUL
blc_order_item_add_attr,ORDER_ITEM_ID,bigint(20),\N,PRI
blc_order_item_add_attr,VALUE,varchar(255),\N,
blc_order_item_add_attr,NAME,varchar(255),\N,PRI
blc_order_item_adjustment,ORDER_ITEM_ADJUSTMENT_ID,bigint(20),\N,PRI
blc_order_item_adjustment,APPLIED_TO_SALE_PRICE,tinyint(1),\N,
blc_order_item_adjustment,ADJUSTMENT_REASON,varchar(255),\N,
blc_order_item_adjustment,ADJUSTMENT_VALUE,decimal(19\,5),\N,
blc_order_item_adjustment,OFFER_ID,bigint(20),\N,MUL
blc_order_item_adjustment,ORDER_ITEM_ID,bigint(20),\N,MUL
blc_order_item_attribute,ORDER_ITEM_ATTRIBUTE_ID,bigint(20),\N,PRI
blc_order_item_attribute,NAME,varchar(255),\N,
blc_order_item_attribute,VALUE,varchar(255),\N,
blc_order_item_attribute,ORDER_ITEM_ID,bigint(20),\N,MUL
blc_order_item_dtl_adj,ORDER_ITEM_DTL_ADJ_ID,bigint(20),\N,PRI
blc_order_item_dtl_adj,APPLIED_TO_SALE_PRICE,tinyint(1),\N,
blc_order_item_dtl_adj,OFFER_NAME,varchar(255),\N,
blc_order_item_dtl_adj,ADJUSTMENT_REASON,varchar(255),\N,
blc_order_item_dtl_adj,ADJUSTMENT_VALUE,decimal(19\,5),\N,
blc_order_item_dtl_adj,OFFER_ID,bigint(20),\N,MUL
blc_order_item_dtl_adj,ORDER_ITEM_PRICE_DTL_ID,bigint(20),\N,MUL
blc_order_item_price_dtl,ORDER_ITEM_PRICE_DTL_ID,bigint(20),\N,PRI
blc_order_item_price_dtl,QUANTITY,int(11),\N,
blc_order_item_price_dtl,USE_SALE_PRICE,tinyint(1),\N,
blc_order_item_price_dtl,ORDER_ITEM_ID,bigint(20),\N,MUL
blc_order_lock,LOCK_KEY,varchar(255),\N,PRI
blc_order_lock,ORDER_ID,bigint(20),\N,PRI
blc_order_lock,LAST_UPDATED,bigint(20),\N,
blc_order_lock,LOCKED,char(1),\N,
blc_order_multiship_option,ORDER_MULTISHIP_OPTION_ID,bigint(20),\N,PRI
blc_order_multiship_option,ADDRESS_ID,bigint(20),\N,MUL
blc_order_multiship_option,FULFILLMENT_OPTION_ID,bigint(20),\N,MUL
blc_order_multiship_option,ORDER_ID,bigint(20),\N,MUL
blc_order_multiship_option,ORDER_ITEM_ID,bigint(20),\N,MUL
blc_order_offer_code_xref,ORDER_ID,bigint(20),\N,MUL
blc_order_offer_code_xref,OFFER_CODE_ID,bigint(20),\N,MUL
blc_order_payment,ORDER_PAYMENT_ID,bigint(20),\N,PRI
blc_order_payment,AMOUNT,decimal(19\,5),\N,
blc_order_payment,ARCHIVED,char(1),\N,
blc_order_payment,GATEWAY_TYPE,varchar(255),\N,
blc_order_payment,REFERENCE_NUMBER,varchar(255),\N,MUL
blc_order_payment,PAYMENT_TYPE,varchar(255),\N,MUL
blc_order_payment,ADDRESS_ID,bigint(20),\N,MUL
blc_order_payment,ORDER_ID,bigint(20),\N,MUL
blc_order_payment_transaction,PAYMENT_TRANSACTION_ID,bigint(20),\N,PRI
blc_order_payment_transaction,TRANSACTION_AMOUNT,decimal(19\,2),\N,
blc_order_payment_transaction,ARCHIVED,char(1),\N,
blc_order_payment_transaction,CUSTOMER_IP_ADDRESS,varchar(255),\N,
blc_order_payment_transaction,DATE_RECORDED,datetime,\N,
blc_order_payment_transaction,RAW_RESPONSE,longtext,\N,
blc_order_payment_transaction,SAVE_TOKEN,tinyint(1),\N,
blc_order_payment_transaction,SUCCESS,tinyint(1),\N,
blc_order_payment_transaction,TRANSACTION_TYPE,varchar(255),\N,
blc_order_payment_transaction,ORDER_PAYMENT,bigint(20),\N,MUL
blc_order_payment_transaction,PARENT_TRANSACTION,bigint(20),\N,MUL
blc_page,PAGE_ID,bigint(20),\N,PRI
blc_page,ACTIVE_END_DATE,datetime,\N,
blc_page,ACTIVE_START_DATE,datetime,\N,
blc_page,DESCRIPTION,varchar(255),\N,
blc_page,EXCLUDE_FROM_SITE_MAP,tinyint(1),\N,
blc_page,FULL_URL,varchar(255),\N,MUL
blc_page,META_DESCRIPTION,varchar(255),\N,
blc_page,META_TITLE,varchar(255),\N,
blc_page,OFFLINE_FLAG,tinyint(1),\N,
blc_page,PRIORITY,int(11),\N,
blc_page,PAGE_TMPLT_ID,bigint(20),\N,MUL
blc_page_attributes,ATTRIBUTE_ID,bigint(20),\N,PRI
blc_page_attributes,FIELD_NAME,varchar(255),\N,MUL
blc_page_attributes,FIELD_VALUE,varchar(255),\N,
blc_page_attributes,PAGE_ID,bigint(20),\N,MUL
blc_page_fld,PAGE_FLD_ID,bigint(20),\N,PRI
blc_page_fld,FLD_KEY,varchar(255),\N,
blc_page_fld,LOB_VALUE,longtext,\N,
blc_page_fld,VALUE,varchar(255),\N,
blc_page_fld,PAGE_ID,bigint(20),\N,MUL
blc_page_item_criteria,PAGE_ITEM_CRITERIA_ID,bigint(20),\N,PRI
blc_page_item_criteria,ORDER_ITEM_MATCH_RULE,longtext,\N,
blc_page_item_criteria,QUANTITY,int(11),\N,
blc_page_rule,PAGE_RULE_ID,bigint(20),\N,PRI
blc_page_rule,MATCH_RULE,longtext,\N,
blc_page_rule_map,BLC_PAGE_PAGE_ID,bigint(20),\N,PRI
blc_page_rule_map,PAGE_RULE_ID,bigint(20),\N,MUL
blc_page_rule_map,MAP_KEY,varchar(255),\N,PRI
blc_page_tmplt,PAGE_TMPLT_ID,bigint(20),\N,PRI
blc_page_tmplt,TMPLT_DESCR,varchar(255),\N,
blc_page_tmplt,TMPLT_NAME,varchar(255),\N,
blc_page_tmplt,TMPLT_PATH,varchar(255),\N,
blc_page_tmplt,LOCALE_CODE,varchar(255),\N,MUL
blc_payment_log,PAYMENT_LOG_ID,bigint(20),\N,PRI
blc_payment_log,AMOUNT_PAID,decimal(19\,5),\N,
blc_payment_log,EXCEPTION_MESSAGE,varchar(255),\N,
blc_payment_log,LOG_TYPE,varchar(255),\N,MUL
blc_payment_log,ORDER_PAYMENT_ID,bigint(20),\N,MUL
blc_payment_log,ORDER_PAYMENT_REF_NUM,varchar(255),\N,MUL
blc_payment_log,TRANSACTION_SUCCESS,tinyint(1),\N,
blc_payment_log,TRANSACTION_TIMESTAMP,datetime,\N,
blc_payment_log,TRANSACTION_TYPE,varchar(255),\N,MUL
blc_payment_log,USER_NAME,varchar(255),\N,MUL
blc_payment_log,CURRENCY_CODE,varchar(255),\N,MUL
blc_payment_log,CUSTOMER_ID,bigint(20),\N,MUL
blc_personal_message,PERSONAL_MESSAGE_ID,bigint(20),\N,PRI
blc_personal_message,MESSAGE,varchar(255),\N,
blc_personal_message,MESSAGE_FROM,varchar(255),\N,
blc_personal_message,MESSAGE_TO,varchar(255),\N,
blc_personal_message,OCCASION,varchar(255),\N,
blc_pgtmplt_fldgrp_xref,PG_TMPLT_FLD_GRP_ID,bigint(20),\N,PRI
blc_pgtmplt_fldgrp_xref,GROUP_ORDER,decimal(10\,6),\N,
blc_pgtmplt_fldgrp_xref,FLD_GROUP_ID,bigint(20),\N,MUL
blc_pgtmplt_fldgrp_xref,PAGE_TMPLT_ID,bigint(20),\N,MUL
blc_phone,PHONE_ID,bigint(20),\N,PRI
blc_phone,COUNTRY_CODE,varchar(255),\N,
blc_phone,EXTENSION,varchar(255),\N,
blc_phone,IS_ACTIVE,tinyint(1),\N,
blc_phone,IS_DEFAULT,tinyint(1),\N,
blc_phone,PHONE_NUMBER,varchar(255),\N,
blc_product,PRODUCT_ID,bigint(20),\N,PRI
blc_product,ARCHIVED,char(1),\N,
blc_product,CAN_SELL_WITHOUT_OPTIONS,tinyint(1),\N,
blc_product,DISPLAY_TEMPLATE,varchar(255),\N,
blc_product,IS_FEATURED_PRODUCT,tinyint(1),\N,
blc_product,MANUFACTURE,varchar(255),\N,
blc_product,MODEL,varchar(255),\N,
blc_product,OVERRIDE_GENERATED_URL,tinyint(1),\N,
blc_product,URL,varchar(255),\N,MUL
blc_product,URL_KEY,varchar(255),\N,
blc_product,DEFAULT_CATEGORY_ID,bigint(20),\N,MUL
blc_product,DEFAULT_SKU_ID,bigint(20),\N,MUL
blc_product_attribute,PRODUCT_ATTRIBUTE_ID,bigint(20),\N,PRI
blc_product_attribute,NAME,varchar(255),\N,MUL
blc_product_attribute,SEARCHABLE,tinyint(1),\N,
blc_product_attribute,VALUE,varchar(255),\N,
blc_product_attribute,PRODUCT_ID,bigint(20),\N,MUL
blc_product_bundle,AUTO_BUNDLE,tinyint(1),\N,
blc_product_bundle,BUNDLE_PROMOTABLE,tinyint(1),\N,
blc_product_bundle,ITEMS_PROMOTABLE,tinyint(1),\N,
blc_product_bundle,PRICING_MODEL,varchar(255),\N,
blc_product_bundle,BUNDLE_PRIORITY,int(11),\N,
blc_product_bundle,PRODUCT_ID,bigint(20),\N,PRI
blc_product_cross_sale,CROSS_SALE_PRODUCT_ID,bigint(20),\N,PRI
blc_product_cross_sale,PROMOTION_MESSAGE,varchar(255),\N,
blc_product_cross_sale,SEQUENCE,decimal(10\,6),\N,
blc_product_cross_sale,CATEGORY_ID,bigint(20),\N,MUL
blc_product_cross_sale,PRODUCT_ID,bigint(20),\N,MUL
blc_product_cross_sale,RELATED_SALE_PRODUCT_ID,bigint(20),\N,MUL
blc_product_featured,FEATURED_PRODUCT_ID,bigint(20),\N,PRI
blc_product_featured,PROMOTION_MESSAGE,varchar(255),\N,
blc_product_featured,SEQUENCE,decimal(10\,6),\N,
blc_product_featured,CATEGORY_ID,bigint(20),\N,MUL
blc_product_featured,PRODUCT_ID,bigint(20),\N,MUL
blc_product_option,PRODUCT_OPTION_ID,bigint(20),\N,PRI
blc_product_option,ATTRIBUTE_NAME,varchar(255),\N,
blc_product_option,DISPLAY_ORDER,int(11),\N,
blc_product_option,ERROR_CODE,varchar(255),\N,
blc_product_option,ERROR_MESSAGE,varchar(255),\N,
blc_product_option,LABEL,varchar(255),\N,
blc_product_option,NAME,varchar(255),\N,MUL
blc_product_option,VALIDATION_STRATEGY_TYPE,varchar(255),\N,
blc_product_option,VALIDATION_TYPE,varchar(255),\N,
blc_product_option,REQUIRED,tinyint(1),\N,
blc_product_option,OPTION_TYPE,varchar(255),\N,
blc_product_option,USE_IN_SKU_GENERATION,tinyint(1),\N,
blc_product_option,VALIDATION_STRING,varchar(255),\N,
blc_product_option_value,PRODUCT_OPTION_VALUE_ID,bigint(20),\N,PRI
blc_product_option_value,ATTRIBUTE_VALUE,varchar(255),\N,
blc_product_option_value,DISPLAY_ORDER,bigint(20),\N,
blc_product_option_value,PRICE_ADJUSTMENT,decimal(19\,5),\N,
blc_product_option_value,PRODUCT_OPTION_ID,bigint(20),\N,MUL
blc_product_option_xref,PRODUCT_OPTION_XREF_ID,bigint(20),\N,PRI
blc_product_option_xref,PRODUCT_ID,bigint(20),\N,MUL
blc_product_option_xref,PRODUCT_OPTION_ID,bigint(20),\N,MUL
blc_product_up_sale,UP_SALE_PRODUCT_ID,bigint(20),\N,PRI
blc_product_up_sale,PROMOTION_MESSAGE,varchar(255),\N,
blc_product_up_sale,SEQUENCE,decimal(10\,6),\N,
blc_product_up_sale,CATEGORY_ID,bigint(20),\N,MUL
blc_product_up_sale,PRODUCT_ID,bigint(20),\N,MUL
blc_product_up_sale,RELATED_SALE_PRODUCT_ID,bigint(20),\N,MUL
blc_qual_crit_offer_xref,OFFER_QUAL_CRIT_ID,bigint(20),\N,PRI
blc_qual_crit_offer_xref,OFFER_ID,bigint(20),\N,MUL
blc_qual_crit_offer_xref,OFFER_ITEM_CRITERIA_ID,bigint(20),\N,MUL
blc_qual_crit_page_xref,PAGE_ID,bigint(20),0,PRI
blc_qual_crit_page_xref,PAGE_ITEM_CRITERIA_ID,bigint(20),\N,PRI
blc_qual_crit_sc_xref,SC_ID,bigint(20),\N,PRI
blc_qual_crit_sc_xref,SC_ITEM_CRITERIA_ID,bigint(20),\N,PRI
blc_rating_detail,RATING_DETAIL_ID,bigint(20),\N,PRI
blc_rating_detail,RATING,double,\N,
blc_rating_detail,RATING_SUBMITTED_DATE,datetime,\N,
blc_rating_detail,CUSTOMER_ID,bigint(20),\N,MUL
blc_rating_detail,RATING_SUMMARY_ID,bigint(20),\N,MUL
blc_rating_summary,RATING_SUMMARY_ID,bigint(20),\N,PRI
blc_rating_summary,AVERAGE_RATING,double,\N,
blc_rating_summary,ITEM_ID,varchar(255),\N,MUL
blc_rating_summary,RATING_TYPE,varchar(255),\N,MUL
blc_review_detail,REVIEW_DETAIL_ID,bigint(20),\N,PRI
blc_review_detail,HELPFUL_COUNT,int(11),\N,
blc_review_detail,NOT_HELPFUL_COUNT,int(11),\N,
blc_review_detail,REVIEW_SUBMITTED_DATE,datetime,\N,
blc_review_detail,REVIEW_STATUS,varchar(255),\N,MUL
blc_review_detail,REVIEW_TEXT,varchar(255),\N,
blc_review_detail,CUSTOMER_ID,bigint(20),\N,MUL
blc_review_detail,RATING_DETAIL_ID,bigint(20),\N,MUL
blc_review_detail,RATING_SUMMARY_ID,bigint(20),\N,MUL
blc_review_feedback,REVIEW_FEEDBACK_ID,bigint(20),\N,PRI
blc_review_feedback,IS_HELPFUL,tinyint(1),\N,
blc_review_feedback,CUSTOMER_ID,bigint(20),\N,MUL
blc_review_feedback,REVIEW_DETAIL_ID,bigint(20),\N,MUL
blc_role,ROLE_ID,bigint(20),\N,PRI
blc_role,ROLE_NAME,varchar(255),\N,MUL
blc_sandbox,SANDBOX_ID,bigint(20),\N,PRI
blc_sandbox,ARCHIVED,char(1),\N,
blc_sandbox,CREATED_BY,bigint(20),\N,
blc_sandbox,DATE_CREATED,datetime,\N,
blc_sandbox,DATE_UPDATED,datetime,\N,
blc_sandbox,UPDATED_BY,bigint(20),\N,
blc_sandbox,AUTHOR,bigint(20),\N,
blc_sandbox,COLOR,varchar(255),\N,
blc_sandbox,DESCRIPTION,varchar(255),\N,
blc_sandbox,GO_LIVE_DATE,datetime,\N,
blc_sandbox,SANDBOX_NAME,varchar(255),\N,MUL
blc_sandbox,SANDBOX_TYPE,varchar(255),\N,
blc_sandbox,PARENT_SANDBOX_ID,bigint(20),\N,MUL
blc_sandbox_mgmt,SANDBOX_MGMT_ID,bigint(20),\N,PRI
blc_sandbox_mgmt,CREATED_BY,bigint(20),\N,
blc_sandbox_mgmt,DATE_CREATED,datetime,\N,
blc_sandbox_mgmt,DATE_UPDATED,datetime,\N,
blc_sandbox_mgmt,UPDATED_BY,bigint(20),\N,
blc_sandbox_mgmt,SANDBOX_ID,bigint(20),\N,UNI
blc_sc,SC_ID,bigint(20),\N,PRI
blc_sc,CONTENT_NAME,varchar(255),\N,MUL
blc_sc,OFFLINE_FLAG,tinyint(1),\N,MUL
blc_sc,PRIORITY,int(11),\N,MUL
blc_sc,LOCALE_CODE,varchar(255),\N,MUL
blc_sc,SC_TYPE_ID,bigint(20),\N,MUL
blc_sc_fld,SC_FLD_ID,bigint(20),\N,PRI
blc_sc_fld,FLD_KEY,varchar(255),\N,
blc_sc_fld,LOB_VALUE,longtext,\N,
blc_sc_fld,VALUE,varchar(255),\N,
blc_sc_fldgrp_xref,SC_FLD_TMPLT_ID,bigint(20),\N,PRI
blc_sc_fldgrp_xref,FLD_GROUP_ID,bigint(20),\N,MUL
blc_sc_fldgrp_xref,GROUP_ORDER,int(11),\N,PRI
blc_sc_fld_map,BLC_SC_SC_FIELD_ID,bigint(20),\N,PRI
blc_sc_fld_map,MAP_KEY,varchar(255),\N,
blc_sc_fld_map,SC_ID,bigint(20),\N,MUL
blc_sc_fld_map,SC_FLD_ID,bigint(20),\N,MUL
blc_sc_fld_tmplt,SC_FLD_TMPLT_ID,bigint(20),\N,PRI
blc_sc_fld_tmplt,NAME,varchar(255),\N,
blc_sc_item_criteria,SC_ITEM_CRITERIA_ID,bigint(20),\N,PRI
blc_sc_item_criteria,ORDER_ITEM_MATCH_RULE,longtext,\N,
blc_sc_item_criteria,QUANTITY,int(11),\N,
blc_sc_item_criteria,SC_ID,bigint(20),\N,MUL
blc_sc_rule,SC_RULE_ID,bigint(20),\N,PRI
blc_sc_rule,MATCH_RULE,longtext,\N,
blc_sc_rule_map,BLC_SC_SC_ID,bigint(20),\N,PRI
blc_sc_rule_map,SC_RULE_ID,bigint(20),\N,MUL
blc_sc_rule_map,MAP_KEY,varchar(255),\N,PRI
blc_sc_type,SC_TYPE_ID,bigint(20),\N,PRI
blc_sc_type,DESCRIPTION,varchar(255),\N,
blc_sc_type,NAME,varchar(255),\N,MUL
blc_sc_type,SC_FLD_TMPLT_ID,bigint(20),\N,MUL
blc_search_facet,SEARCH_FACET_ID,bigint(20),\N,PRI
blc_search_facet,ARCHIVED,char(1),\N,
blc_search_facet,CREATED_BY,bigint(20),\N,
blc_search_facet,DATE_CREATED,datetime,\N,
blc_search_facet,DATE_UPDATED,datetime,\N,
blc_search_facet,UPDATED_BY,bigint(20),\N,
blc_search_facet,MULTISELECT,tinyint(1),\N,
blc_search_facet,LABEL,varchar(255),\N,
blc_search_facet,NAME,varchar(255),\N,
blc_search_facet,REQUIRES_ALL_DEPENDENT,tinyint(1),\N,
blc_search_facet,SEARCH_DISPLAY_PRIORITY,int(11),\N,
blc_search_facet,SHOW_ON_SEARCH,tinyint(1),\N,
blc_search_facet,USE_FACET_RANGES,tinyint(1),\N,
blc_search_facet,INDEX_FIELD_TYPE_ID,bigint(20),\N,MUL
blc_search_facet_range,SEARCH_FACET_RANGE_ID,bigint(20),\N,PRI
blc_search_facet_range,MAX_VALUE,decimal(19\,5),\N,
blc_search_facet_range,MIN_VALUE,decimal(19\,5),\N,
blc_search_facet_range,SEARCH_FACET_ID,bigint(20),\N,MUL
blc_search_facet_xref,ID,bigint(20),\N,PRI
blc_search_facet_xref,REQUIRED_FACET_ID,bigint(20),\N,MUL
blc_search_facet_xref,SEARCH_FACET_ID,bigint(20),\N,MUL
blc_search_intercept,SEARCH_REDIRECT_ID,bigint(20),\N,PRI
blc_search_intercept,ACTIVE_END_DATE,datetime,\N,MUL
blc_search_intercept,ACTIVE_START_DATE,datetime,\N,
blc_search_intercept,CREATED_BY,bigint(20),\N,
blc_search_intercept,DATE_CREATED,datetime,\N,
blc_search_intercept,DATE_UPDATED,datetime,\N,
blc_search_intercept,UPDATED_BY,bigint(20),\N,
blc_search_intercept,PRIORITY,int(11),\N,
blc_search_intercept,SEARCH_TERM,varchar(255),\N,
blc_search_intercept,URL,varchar(255),\N,
blc_search_synonym,SEARCH_SYNONYM_ID,bigint(20),\N,PRI
blc_search_synonym,SYNONYMS,varchar(255),\N,
blc_search_synonym,TERM,varchar(255),\N,MUL
blc_shipping_rate,ID,bigint(20),\N,PRI
blc_shipping_rate,BAND_RESULT_PCT,int(11),\N,
blc_shipping_rate,BAND_RESULT_QTY,decimal(19\,2),\N,
blc_shipping_rate,BAND_UNIT_QTY,decimal(19\,2),\N,
blc_shipping_rate,FEE_BAND,int(11),\N,
blc_shipping_rate,FEE_SUB_TYPE,varchar(255),\N,MUL
blc_shipping_rate,FEE_TYPE,varchar(255),\N,MUL
blc_site,SITE_ID,bigint(20),\N,PRI
blc_site,ARCHIVED,char(1),\N,
blc_site,CREATED_BY,bigint(20),\N,
blc_site,DATE_CREATED,datetime,\N,
blc_site,DATE_UPDATED,datetime,\N,
blc_site,UPDATED_BY,bigint(20),\N,
blc_site,DEACTIVATED,tinyint(1),\N,
blc_site,NAME,varchar(255),\N,
blc_site,SITE_IDENTIFIER_TYPE,varchar(255),\N,
blc_site,SITE_IDENTIFIER_VALUE,varchar(255),\N,MUL
blc_site_catalog,SITE_CATALOG_XREF_ID,bigint(20),\N,PRI
blc_site_catalog,CATALOG_ID,bigint(20),\N,MUL
blc_site_catalog,SITE_ID,bigint(20),\N,MUL
blc_site_map_cfg,INDEXED_SITE_MAP_FILE_NAME,varchar(255),\N,
blc_site_map_cfg,INDEXED_SITE_MAP_FILE_PATTERN,varchar(255),\N,
blc_site_map_cfg,MAX_URL_ENTRIES_PER_FILE,int(11),\N,
blc_site_map_cfg,SITE_MAP_FILE_NAME,varchar(255),\N,
blc_site_map_cfg,MODULE_CONFIG_ID,bigint(20),\N,PRI
blc_site_map_gen_cfg,GEN_CONFIG_ID,bigint(20),\N,PRI
blc_site_map_gen_cfg,CHANGE_FREQ,varchar(255),\N,
blc_site_map_gen_cfg,DISABLED,tinyint(1),\N,
blc_site_map_gen_cfg,GENERATOR_TYPE,varchar(255),\N,
blc_site_map_gen_cfg,PRIORITY,varchar(255),\N,
blc_site_map_gen_cfg,MODULE_CONFIG_ID,bigint(20),\N,MUL
blc_site_map_url_entry,URL_ENTRY_ID,bigint(20),\N,PRI
blc_site_map_url_entry,CHANGE_FREQ,varchar(255),\N,
blc_site_map_url_entry,LAST_MODIFIED,datetime,\N,
blc_site_map_url_entry,LOCATION,varchar(255),\N,
blc_site_map_url_entry,PRIORITY,varchar(255),\N,
blc_site_map_url_entry,GEN_CONFIG_ID,bigint(20),\N,MUL
blc_sku,SKU_ID,bigint(20),\N,PRI
blc_sku,ACTIVE_END_DATE,datetime,\N,MUL
blc_sku,ACTIVE_START_DATE,datetime,\N,MUL
blc_sku,AVAILABLE_FLAG,char(1),\N,MUL
blc_sku,COST,decimal(19\,5),\N,
blc_sku,DESCRIPTION,varchar(255),\N,
blc_sku,CONTAINER_SHAPE,varchar(255),\N,
blc_sku,DEPTH,decimal(19\,2),\N,
blc_sku,DIMENSION_UNIT_OF_MEASURE,varchar(255),\N,
blc_sku,GIRTH,decimal(19\,2),\N,
blc_sku,HEIGHT,decimal(19\,2),\N,
blc_sku,CONTAINER_SIZE,varchar(255),\N,
blc_sku,WIDTH,decimal(19\,2),\N,
blc_sku,DISCOUNTABLE_FLAG,char(1),\N,MUL
blc_sku,DISPLAY_TEMPLATE,varchar(255),\N,
blc_sku,EXTERNAL_ID,varchar(255),\N,MUL
blc_sku,FULFILLMENT_TYPE,varchar(255),\N,
blc_sku,INVENTORY_TYPE,varchar(255),\N,
blc_sku,IS_MACHINE_SORTABLE,tinyint(1),\N,
blc_sku,LONG_DESCRIPTION,longtext,\N,
blc_sku,NAME,varchar(255),\N,MUL
blc_sku,QUANTITY_AVAILABLE,int(11),\N,
blc_sku,RETAIL_PRICE,decimal(19\,5),\N,
blc_sku,SALE_PRICE,decimal(19\,5),\N,
blc_sku,TAX_CODE,varchar(255),\N,
blc_sku,TAXABLE_FLAG,char(1),\N,MUL
blc_sku,UPC,varchar(255),\N,MUL
blc_sku,URL_KEY,varchar(255),\N,MUL
blc_sku,WEIGHT,decimal(19\,2),\N,
blc_sku,WEIGHT_UNIT_OF_MEASURE,varchar(255),\N,
blc_sku,CURRENCY_CODE,varchar(255),\N,MUL
blc_sku,DEFAULT_PRODUCT_ID,bigint(20),\N,MUL
blc_sku,ADDL_PRODUCT_ID,bigint(20),\N,MUL
blc_sku_attribute,SKU_ATTR_ID,bigint(20),\N,PRI
blc_sku_attribute,NAME,varchar(255),\N,MUL
blc_sku_attribute,SEARCHABLE,tinyint(1),\N,
blc_sku_attribute,VALUE,varchar(255),\N,
blc_sku_attribute,SKU_ID,bigint(20),\N,MUL
blc_sku_availability,SKU_AVAILABILITY_ID,bigint(20),\N,PRI
blc_sku_availability,AVAILABILITY_DATE,datetime,\N,
blc_sku_availability,AVAILABILITY_STATUS,varchar(255),\N,MUL
blc_sku_availability,LOCATION_ID,bigint(20),\N,MUL
blc_sku_availability,QTY_ON_HAND,int(11),\N,
blc_sku_availability,RESERVE_QTY,int(11),\N,
blc_sku_availability,SKU_ID,bigint(20),\N,MUL
blc_sku_bundle_item,SKU_BUNDLE_ITEM_ID,bigint(20),\N,PRI
blc_sku_bundle_item,ITEM_SALE_PRICE,decimal(19\,5),\N,
blc_sku_bundle_item,QUANTITY,int(11),\N,
blc_sku_bundle_item,SEQUENCE,decimal(10\,6),\N,
blc_sku_bundle_item,PRODUCT_BUNDLE_ID,bigint(20),\N,MUL
blc_sku_bundle_item,SKU_ID,bigint(20),\N,MUL
blc_sku_fee,SKU_FEE_ID,bigint(20),\N,PRI
blc_sku_fee,AMOUNT,decimal(19\,5),\N,
blc_sku_fee,DESCRIPTION,varchar(255),\N,
blc_sku_fee,EXPRESSION,longtext,\N,
blc_sku_fee,FEE_TYPE,varchar(255),\N,
blc_sku_fee,NAME,varchar(255),\N,
blc_sku_fee,TAXABLE,tinyint(1),\N,
blc_sku_fee,CURRENCY_CODE,varchar(255),\N,MUL
blc_sku_fee_xref,SKU_FEE_ID,bigint(20),\N,MUL
blc_sku_fee_xref,SKU_ID,bigint(20),\N,MUL
blc_sku_fulfillment_excluded,SKU_ID,bigint(20),\N,MUL
blc_sku_fulfillment_excluded,FULFILLMENT_OPTION_ID,bigint(20),\N,MUL
blc_sku_fulfillment_flat_rates,SKU_ID,bigint(20),\N,PRI
blc_sku_fulfillment_flat_rates,RATE,decimal(19\,5),\N,
blc_sku_fulfillment_flat_rates,FULFILLMENT_OPTION_ID,bigint(20),\N,PRI
blc_sku_media_map,SKU_MEDIA_ID,bigint(20),\N,PRI
blc_sku_media_map,MAP_KEY,varchar(255),\N,
blc_sku_media_map,MEDIA_ID,bigint(20),\N,MUL
blc_sku_media_map,BLC_SKU_SKU_ID,bigint(20),\N,MUL
blc_sku_option_value_xref,SKU_OPTION_VALUE_XREF_ID,bigint(20),\N,PRI
blc_sku_option_value_xref,PRODUCT_OPTION_VALUE_ID,bigint(20),\N,MUL
blc_sku_option_value_xref,SKU_ID,bigint(20),\N,MUL
blc_state,ABBREVIATION,varchar(255),\N,PRI
blc_state,NAME,varchar(255),\N,MUL
blc_state,COUNTRY,varchar(255),\N,MUL
blc_static_asset,STATIC_ASSET_ID,bigint(20),\N,PRI
blc_static_asset,ALT_TEXT,varchar(255),\N,
blc_static_asset,CREATED_BY,bigint(20),\N,
blc_static_asset,DATE_CREATED,datetime,\N,
blc_static_asset,DATE_UPDATED,datetime,\N,
blc_static_asset,UPDATED_BY,bigint(20),\N,
blc_static_asset,FILE_EXTENSION,varchar(255),\N,
blc_static_asset,FILE_SIZE,bigint(20),\N,
blc_static_asset,FULL_URL,varchar(255),\N,MUL
blc_static_asset,MIME_TYPE,varchar(255),\N,
blc_static_asset,NAME,varchar(255),\N,
blc_static_asset,STORAGE_TYPE,varchar(255),\N,
blc_static_asset,TITLE,varchar(255),\N,
blc_static_asset_desc,STATIC_ASSET_DESC_ID,bigint(20),\N,PRI
blc_static_asset_desc,CREATED_BY,bigint(20),\N,
blc_static_asset_desc,DATE_CREATED,datetime,\N,
blc_static_asset_desc,DATE_UPDATED,datetime,\N,
blc_static_asset_desc,UPDATED_BY,bigint(20),\N,
blc_static_asset_desc,DESCRIPTION,varchar(255),\N,
blc_static_asset_desc,LONG_DESCRIPTION,varchar(255),\N,
blc_static_asset_strg,STATIC_ASSET_STRG_ID,bigint(20),\N,PRI
blc_static_asset_strg,FILE_DATA,longblob,\N,
blc_static_asset_strg,STATIC_ASSET_ID,bigint(20),\N,MUL
blc_store,STORE_ID,bigint(20),\N,PRI
blc_store,ARCHIVED,char(1),\N,
blc_store,LATITUDE,double,\N,
blc_store,LONGITUDE,double,\N,
blc_store,STORE_NAME,varchar(255),\N,
blc_store,OPEN,tinyint(1),\N,
blc_store,STORE_HOURS,varchar(255),\N,
blc_store,STORE_NUMBER,varchar(255),\N,
blc_store,ADDRESS_ID,bigint(20),\N,MUL
blc_system_property,BLC_SYSTEM_PROPERTY_ID,bigint(20),\N,PRI
blc_system_property,FRIENDLY_GROUP,varchar(255),\N,
blc_system_property,FRIENDLY_NAME,varchar(255),\N,
blc_system_property,FRIENDLY_TAB,varchar(255),\N,
blc_system_property,PROPERTY_NAME,varchar(255),\N,
blc_system_property,OVERRIDE_GENERATED_PROP_NAME,tinyint(1),\N,
blc_system_property,PROPERTY_TYPE,varchar(255),\N,
blc_system_property,PROPERTY_VALUE,varchar(255),\N,
blc_tar_crit_offer_xref,OFFER_TAR_CRIT_ID,bigint(20),\N,PRI
blc_tar_crit_offer_xref,OFFER_ID,bigint(20),\N,MUL
blc_tar_crit_offer_xref,OFFER_ITEM_CRITERIA_ID,bigint(20),\N,MUL
blc_tax_detail,TAX_DETAIL_ID,bigint(20),\N,PRI
blc_tax_detail,AMOUNT,decimal(19\,5),\N,
blc_tax_detail,TAX_COUNTRY,varchar(255),\N,
blc_tax_detail,JURISDICTION_NAME,varchar(255),\N,
blc_tax_detail,RATE,decimal(19\,5),\N,
blc_tax_detail,TAX_REGION,varchar(255),\N,
blc_tax_detail,TAX_NAME,varchar(255),\N,
blc_tax_detail,TYPE,varchar(255),\N,
blc_tax_detail,CURRENCY_CODE,varchar(255),\N,MUL
blc_tax_detail,MODULE_CONFIG_ID,bigint(20),\N,MUL
blc_translation,TRANSLATION_ID,bigint(20),\N,PRI
blc_translation,ENTITY_ID,varchar(255),\N,
blc_translation,ENTITY_TYPE,varchar(255),\N,MUL
blc_translation,FIELD_NAME,varchar(255),\N,
blc_translation,LOCALE_CODE,varchar(255),\N,
blc_translation,TRANSLATED_VALUE,longtext,\N,
blc_trans_additnl_fields,PAYMENT_TRANSACTION_ID,bigint(20),\N,PRI
blc_trans_additnl_fields,FIELD_VALUE,longtext,\N,
blc_trans_additnl_fields,FIELD_NAME,varchar(255),\N,PRI
blc_url_handler,URL_HANDLER_ID,bigint(20),\N,PRI
blc_url_handler,INCOMING_URL,varchar(255),\N,MUL
blc_url_handler,NEW_URL,varchar(255),\N,
blc_url_handler,URL_REDIRECT_TYPE,varchar(255),\N,
blc_userconnection,providerId,varchar(255),\N,PRI
blc_userconnection,providerUserId,varchar(255),\N,PRI
blc_userconnection,userId,varchar(255),\N,PRI
blc_userconnection,accessToken,varchar(255),\N,
blc_userconnection,displayName,varchar(255),\N,
blc_userconnection,expireTime,bigint(20),\N,
blc_userconnection,imageUrl,varchar(255),\N,
blc_userconnection,profileUrl,varchar(255),\N,
blc_userconnection,rank,int(11),\N,
blc_userconnection,refreshToken,varchar(255),\N,
blc_userconnection,secret,varchar(255),\N,
blc_zip_code,ZIP_CODE_ID,varchar(255),\N,PRI
blc_zip_code,ZIP_CITY,varchar(255),\N,MUL
blc_zip_code,ZIP_LATITUDE,double,\N,MUL
blc_zip_code,ZIP_LONGITUDE,double,\N,MUL
blc_zip_code,ZIP_STATE,varchar(255),\N,MUL
blc_zip_code,ZIPCODE,int(11),\N,MUL
sequence_generator,ID_NAME,varchar(255),\N,PRI
sequence_generator,ID_VAL,bigint(20),\N,
