category,CATEGORY_ID,bigint(20),\N,PRI
category,DATE_CREATED,datetime,\N,
category,DATE_MODIFIED,datetime,\N,
category,UPDT_ID,varchar(20),\N,
category,CATEGORY_IMAGE,varchar(100),\N,
category,CATEGORY_STATUS,tinyint(1),\N,
category,CODE,varchar(100),\N,
category,DEPTH,int(11),\N,
category,LINEAGE,varchar(255),\N,
category,SORT_ORDER,int(11),\N,
category,VISIBLE,tinyint(1),\N,
category,MERCHANT_ID,int(11),\N,MUL
category,PARENT_ID,bigint(20),\N,MUL
category_description,DESCRIPTION_ID,bigint(20),\N,PRI
category_description,DATE_CREATED,datetime,\N,
category_description,DATE_MODIFIED,datetime,\N,
category_description,UPDT_ID,varchar(20),\N,
category_description,DESCRIPTION,longtext,\N,
category_description,NAME,varchar(120),\N,
category_description,TITLE,varchar(100),\N,
category_description,CATEGORY_HIGHLIGHT,varchar(255),\N,
category_description,META_DESCRIPTION,varchar(255),\N,
category_description,META_KEYWORDS,varchar(255),\N,
category_description,META_TITLE,varchar(120),\N,
category_description,SEF_URL,varchar(120),\N,
category_description,LANGUAGE_ID,int(11),\N,MUL
category_description,CATEGORY_ID,bigint(20),\N,MUL
content,CONTENT_ID,bigint(20),\N,PRI
content,DATE_CREATED,datetime,\N,
content,DATE_MODIFIED,datetime,\N,
content,UPDT_ID,varchar(20),\N,
content,CODE,varchar(100),\N,
content,CONTENT_POSITION,varchar(10),\N,
content,CONTENT_TYPE,varchar(10),\N,
content,SORT_ORDER,int(11),\N,
content,VISIBLE,tinyint(1),\N,
content,MERCHANT_ID,int(11),\N,MUL
content_description,DESCRIPTION_ID,bigint(20),\N,PRI
content_description,DATE_CREATED,datetime,\N,
content_description,DATE_MODIFIED,datetime,\N,
content_description,UPDT_ID,varchar(20),\N,
content_description,DESCRIPTION,longtext,\N,
content_description,NAME,varchar(120),\N,
content_description,TITLE,varchar(100),\N,
content_description,META_DESCRIPTION,varchar(255),\N,
content_description,META_KEYWORDS,varchar(255),\N,
content_description,META_TITLE,varchar(255),\N,
content_description,SEF_URL,varchar(120),\N,
content_description,LANGUAGE_ID,int(11),\N,MUL
content_description,CONTENT_ID,bigint(20),\N,MUL
country,COUNTRY_ID,int(11),\N,PRI
country,COUNTRY_ISOCODE,varchar(255),\N,UNI
country,COUNTRY_SUPPORTED,tinyint(1),\N,
country,GEOZONE_ID,bigint(20),\N,MUL
country_description,DESCRIPTION_ID,bigint(20),\N,PRI
country_description,DATE_CREATED,datetime,\N,
country_description,DATE_MODIFIED,datetime,\N,
country_description,UPDT_ID,varchar(20),\N,
country_description,DESCRIPTION,longtext,\N,
country_description,NAME,varchar(120),\N,
country_description,TITLE,varchar(100),\N,
country_description,LANGUAGE_ID,int(11),\N,MUL
country_description,COUNTRY_ID,int(11),\N,MUL
currency,CURRENCY_ID,bigint(20),\N,PRI
currency,CURRENCY_CODE,varchar(255),\N,UNI
currency,CURRENCY_CURRENCY_CODE,varchar(255),\N,UNI
currency,CURRENCY_NAME,varchar(255),\N,UNI
currency,CURRENCY_SUPPORTED,tinyint(1),\N,
customer,CUSTOMER_ID,bigint(20),\N,PRI
customer,CUSTOMER_ANONYMOUS,tinyint(1),\N,
customer,BILLING_STREET_ADDRESS,varchar(256),\N,
customer,BILLING_CITY,varchar(100),\N,
customer,BILLING_COMPANY,varchar(100),\N,
customer,BILLING_FIRST_NAME,varchar(64),\N,
customer,BILLING_LAST_NAME,varchar(64),\N,
customer,BILLING_POSTCODE,varchar(20),\N,
customer,BILLING_STATE,varchar(100),\N,
customer,BILLING_TELEPHONE,varchar(32),\N,
customer,CUSTOMER_COMPANY,varchar(100),\N,
customer,CUSTOMER_DOB,datetime,\N,
customer,DELIVERY_STREET_ADDRESS,varchar(256),\N,
customer,DELIVERY_CITY,varchar(100),\N,
customer,DELIVERY_COMPANY,varchar(100),\N,
customer,DELIVERY_FIRST_NAME,varchar(64),\N,
customer,DELIVERY_LAST_NAME,varchar(64),\N,
customer,DELIVERY_POSTCODE,varchar(20),\N,
customer,DELIVERY_STATE,varchar(100),\N,
customer,DELIVERY_TELEPHONE,varchar(32),\N,
customer,CUSTOMER_EMAIL_ADDRESS,varchar(96),\N,
customer,CUSTOMER_GENDER,varchar(1),\N,
customer,CUSTOMER_NICK,varchar(96),\N,
customer,CUSTOMER_PASSWORD,varchar(50),\N,
customer,BILLING_COUNTRY_ID,int(11),\N,MUL
customer,BILLING_ZONE_ID,bigint(20),\N,MUL
customer,LANGUAGE_ID,int(11),\N,MUL
customer,DELIVERY_COUNTRY_ID,int(11),\N,MUL
customer,DELIVERY_ZONE_ID,bigint(20),\N,MUL
customer,MERCHANT_ID,int(11),\N,MUL
customer_attribute,CUSTOMER_ATTRIBUTE_ID,bigint(20),\N,PRI
customer_attribute,CUSTOMER_ATTR_TXT_VAL,varchar(255),\N,
customer_attribute,CUSTOMER_ID,bigint(20),\N,MUL
customer_attribute,OPTION_ID,bigint(20),\N,MUL
customer_attribute,OPTION_VALUE_ID,bigint(20),\N,MUL
customer_group,CUSTOMER_ID,bigint(20),\N,MUL
customer_group,GROUP_ID,int(11),\N,MUL
customer_option,CUSTOMER_OPTION_ID,bigint(20),\N,PRI
customer_option,CUSTOMER_OPT_ACTIVE,tinyint(1),\N,
customer_option,CUSTOMER_OPT_CODE,varchar(255),\N,MUL
customer_option,CUSTOMER_OPTION_TYPE,varchar(10),\N,
customer_option,CUSTOMER_OPT_PUBLIC,tinyint(1),\N,
customer_option,SORT_ORDER,int(11),\N,
customer_option,MERCHANT_ID,int(11),\N,MUL
customer_option_desc,DESCRIPTION_ID,bigint(20),\N,PRI
customer_option_desc,DATE_CREATED,datetime,\N,
customer_option_desc,DATE_MODIFIED,datetime,\N,
customer_option_desc,UPDT_ID,varchar(20),\N,
customer_option_desc,DESCRIPTION,longtext,\N,
customer_option_desc,NAME,varchar(120),\N,
customer_option_desc,TITLE,varchar(100),\N,
customer_option_desc,CUSTOMER_OPTION_COMMENT,longtext,\N,
customer_option_desc,LANGUAGE_ID,int(11),\N,MUL
customer_option_desc,CUSTOMER_OPTION_ID,bigint(20),\N,MUL
customer_option_set,CUSTOMER_OPTIONSET_ID,bigint(20),\N,PRI
customer_option_set,SORT_ORDER,int(11),\N,
customer_option_set,CUSTOMER_OPTION_ID,bigint(20),\N,MUL
customer_option_set,CUSTOMER_OPTION_VALUE_ID,bigint(20),\N,MUL
customer_option_value,CUSTOMER_OPTION_VALUE_ID,bigint(20),\N,PRI
customer_option_value,CUSTOMER_OPT_VAL_CODE,varchar(255),\N,MUL
customer_option_value,CUSTOMER_OPT_VAL_IMAGE,varchar(255),\N,
customer_option_value,SORT_ORDER,int(11),\N,
customer_option_value,MERCHANT_ID,int(11),\N,MUL
customer_opt_val_description,DESCRIPTION_ID,bigint(20),\N,PRI
customer_opt_val_description,DATE_CREATED,datetime,\N,
customer_opt_val_description,DATE_MODIFIED,datetime,\N,
customer_opt_val_description,UPDT_ID,varchar(20),\N,
customer_opt_val_description,DESCRIPTION,longtext,\N,
customer_opt_val_description,NAME,varchar(120),\N,
customer_opt_val_description,TITLE,varchar(100),\N,
customer_opt_val_description,LANGUAGE_ID,int(11),\N,MUL
customer_opt_val_description,CUSTOMER_OPT_VAL_ID,bigint(20),\N,MUL
file_history,FILE_HISTORY_ID,bigint(20),\N,PRI
file_history,ACCOUNTED_DATE,datetime,\N,
file_history,DATE_ADDED,datetime,\N,
file_history,DATE_DELETED,datetime,\N,
file_history,DOWNLOAD_COUNT,int(11),\N,
file_history,FILE_ID,bigint(20),\N,
file_history,FILESIZE,int(11),\N,
file_history,MERCHANT_ID,int(11),\N,MUL
geozone,GEOZONE_ID,bigint(20),\N,PRI
geozone,GEOZONE_CODE,varchar(255),\N,
geozone,GEOZONE_NAME,varchar(255),\N,
geozone_description,DESCRIPTION_ID,bigint(20),\N,PRI
geozone_description,DATE_CREATED,datetime,\N,
geozone_description,DATE_MODIFIED,datetime,\N,
geozone_description,UPDT_ID,varchar(20),\N,
geozone_description,DESCRIPTION,longtext,\N,
geozone_description,NAME,varchar(120),\N,
geozone_description,TITLE,varchar(100),\N,
geozone_description,LANGUAGE_ID,int(11),\N,MUL
geozone_description,GEOZONE_ID,bigint(20),\N,MUL
language,LANGUAGE_ID,int(11),\N,PRI
language,DATE_CREATED,datetime,\N,
language,DATE_MODIFIED,datetime,\N,
language,UPDT_ID,varchar(20),\N,
language,CODE,varchar(255),\N,
language,SORT_ORDER,int(11),\N,
manufacturer,MANUFACTURER_ID,bigint(20),\N,PRI
manufacturer,DATE_CREATED,datetime,\N,
manufacturer,DATE_MODIFIED,datetime,\N,
manufacturer,UPDT_ID,varchar(20),\N,
manufacturer,CODE,varchar(100),\N,
manufacturer,MANUFACTURER_IMAGE,varchar(255),\N,
manufacturer,SORT_ORDER,int(11),\N,
manufacturer,MERCHANT_ID,int(11),\N,MUL
manufacturer_description,DESCRIPTION_ID,bigint(20),\N,PRI
manufacturer_description,DATE_CREATED,datetime,\N,
manufacturer_description,DATE_MODIFIED,datetime,\N,
manufacturer_description,UPDT_ID,varchar(20),\N,
manufacturer_description,DESCRIPTION,longtext,\N,
manufacturer_description,NAME,varchar(120),\N,
manufacturer_description,TITLE,varchar(100),\N,
manufacturer_description,DATE_LAST_CLICK,datetime,\N,
manufacturer_description,MANUFACTURERS_URL,varchar(255),\N,
manufacturer_description,URL_CLICKED,int(11),\N,
manufacturer_description,LANGUAGE_ID,int(11),\N,MUL
manufacturer_description,MANUFACTURER_ID,bigint(20),\N,MUL
merchant_configuration,MERCHANT_CONFIG_ID,bigint(20),\N,PRI
merchant_configuration,DATE_CREATED,datetime,\N,
merchant_configuration,DATE_MODIFIED,datetime,\N,
merchant_configuration,UPDT_ID,varchar(20),\N,
merchant_configuration,CONFIG_KEY,varchar(255),\N,
merchant_configuration,TYPE,varchar(255),\N,
merchant_configuration,VALUE,longtext,\N,
merchant_configuration,MERCHANT_ID,int(11),\N,MUL
merchant_language,stores_MERCHANT_ID,int(11),\N,MUL
merchant_language,languages_LANGUAGE_ID,int(11),\N,MUL
merchant_log,MERCHANT_LOG_ID,bigint(20),\N,PRI
merchant_log,LOG,longtext,\N,
merchant_log,MODULE,varchar(25),\N,
merchant_log,MERCHANT_ID,int(11),\N,MUL
merchant_store,MERCHANT_ID,int(11),\N,PRI
merchant_store,STORE_CODE,varchar(100),\N,UNI
merchant_store,CONTINUESHOPPINGURL,varchar(150),\N,
merchant_store,CURRENCY_FORMAT_NATIONAL,tinyint(1),\N,
merchant_store,DOMAIN_NAME,varchar(80),\N,
merchant_store,IN_BUSINESS_SINCE,date,\N,
merchant_store,INVOICE_TEMPLATE,varchar(25),\N,
merchant_store,SEIZEUNITCODE,varchar(5),\N,
merchant_store,STORE_EMAIL,varchar(60),\N,
merchant_store,STORE_LOGO,varchar(100),\N,
merchant_store,STORE_TEMPLATE,varchar(25),\N,
merchant_store,STORE_ADDRESS,varchar(255),\N,
merchant_store,STORE_CITY,varchar(100),\N,
merchant_store,STORE_NAME,varchar(100),\N,
merchant_store,STORE_PHONE,varchar(50),\N,
merchant_store,STORE_POSTAL_CODE,varchar(15),\N,
merchant_store,STORE_STATE_PROV,varchar(100),\N,
merchant_store,USE_CACHE,tinyint(1),\N,
merchant_store,WEIGHTUNITCODE,varchar(5),\N,
merchant_store,COUNTRY_ID,int(11),\N,MUL
merchant_store,CURRENCY_ID,bigint(20),\N,MUL
merchant_store,LANGUAGE_ID,int(11),\N,MUL
merchant_store,ZONE_ID,bigint(20),\N,MUL
module_configuration,MODULE_CONF_ID,bigint(20),\N,PRI
module_configuration,DATE_CREATED,datetime,\N,
module_configuration,DATE_MODIFIED,datetime,\N,
module_configuration,UPDT_ID,varchar(20),\N,
module_configuration,CODE,varchar(255),\N,
module_configuration,DETAILS,longtext,\N,
module_configuration,CONFIGURATION,longtext,\N,
module_configuration,CUSTOM_IND,tinyint(1),\N,
module_configuration,IMAGE,varchar(255),\N,
module_configuration,MODULE,varchar(255),\N,
module_configuration,REGIONS,varchar(255),\N,
module_configuration,TYPE,varchar(255),\N,
orders,ORDER_ID,bigint(20),\N,PRI
orders,BILLING_STREET_ADDRESS,varchar(256),\N,
orders,BILLING_CITY,varchar(100),\N,
orders,BILLING_COMPANY,varchar(100),\N,
orders,BILLING_FIRST_NAME,varchar(64),\N,
orders,BILLING_LAST_NAME,varchar(64),\N,
orders,BILLING_POSTCODE,varchar(20),\N,
orders,BILLING_STATE,varchar(100),\N,
orders,BILLING_TELEPHONE,varchar(32),\N,
orders,CHANNEL,varchar(255),\N,
orders,CARD_TYPE,varchar(255),\N,
orders,CC_CVV,varchar(255),\N,
orders,CC_EXPIRES,varchar(255),\N,
orders,CC_NUMBER,varchar(255),\N,
orders,CC_OWNER,varchar(255),\N,
orders,CURRENCY_VALUE,decimal(19\,2),\N,
orders,CUSTOMER_AGREED,tinyint(1),\N,
orders,CUSTOMER_EMAIL_ADDRESS,varchar(50),\N,
orders,CUSTOMER_ID,bigint(20),\N,
orders,DATE_PURCHASED,date,\N,
orders,DELIVERY_STREET_ADDRESS,varchar(256),\N,
orders,DELIVERY_CITY,varchar(100),\N,
orders,DELIVERY_COMPANY,varchar(100),\N,
orders,DELIVERY_FIRST_NAME,varchar(64),\N,
orders,DELIVERY_LAST_NAME,varchar(64),\N,
orders,DELIVERY_POSTCODE,varchar(20),\N,
orders,DELIVERY_STATE,varchar(100),\N,
orders,DELIVERY_TELEPHONE,varchar(32),\N,
orders,IP_ADDRESS,varchar(255),\N,
orders,LAST_MODIFIED,datetime,\N,
orders,LOCALE,varchar(255),\N,
orders,ORDER_DATE_FINISHED,datetime,\N,
orders,ORDER_TYPE,varchar(255),\N,
orders,PAYMENT_MODULE_CODE,varchar(255),\N,
orders,PAYMENT_TYPE,varchar(255),\N,
orders,SHIPPING_MODULE_CODE,varchar(255),\N,
orders,ORDER_STATUS,varchar(255),\N,
orders,ORDER_TOTAL,decimal(19\,2),\N,
orders,BILLING_COUNTRY_ID,int(11),\N,MUL
orders,BILLING_ZONE_ID,bigint(20),\N,MUL
orders,CURRENCY_ID,bigint(20),\N,MUL
orders,DELIVERY_COUNTRY_ID,int(11),\N,MUL
orders,DELIVERY_ZONE_ID,bigint(20),\N,MUL
orders,MERCHANTID,int(11),\N,MUL
order_product,ORDER_PRODUCT_ID,bigint(20),\N,PRI
order_product,ONETIME_CHARGE,decimal(19\,2),\N,
order_product,PRODUCT_NAME,varchar(64),\N,
order_product,PRODUCT_QUANTITY,int(11),\N,
order_product,PRODUCT_SKU,varchar(255),\N,
order_product,ORDER_ID,bigint(20),\N,MUL
order_product_attribute,ORDER_PRODUCT_ATTRIBUTE_ID,bigint(20),\N,PRI
order_product_attribute,PRODUCT_ATTRIBUTE_IS_FREE,tinyint(1),\N,
order_product_attribute,PRODUCT_ATTRIBUTE_NAME,varchar(255),\N,
order_product_attribute,PRODUCT_ATTRIBUTE_PRICE,decimal(15\,4),\N,
order_product_attribute,PRODUCT_ATTRIBUTE_VAL_NAME,varchar(255),\N,
order_product_attribute,PRODUCT_ATTRIBUTE_WEIGHT,decimal(15\,4),\N,
order_product_attribute,PRODUCT_OPTION_ID,bigint(20),\N,
order_product_attribute,PRODUCT_OPTION_VALUE_ID,bigint(20),\N,
order_product_attribute,ORDER_PRODUCT_ID,bigint(20),\N,MUL
order_product_download,ORDER_PRODUCT_DOWNLOAD_ID,bigint(20),\N,PRI
order_product_download,DOWNLOAD_COUNT,int(11),\N,
order_product_download,DOWNLOAD_MAXDAYS,int(11),\N,
order_product_download,ORDER_PRODUCT_FILENAME,varchar(255),\N,
order_product_download,ORDER_PRODUCT_ID,bigint(20),\N,MUL
order_product_price,ORDER_PRODUCT_PRICE_ID,bigint(20),\N,PRI
order_product_price,DEFAULT_PRICE,tinyint(1),\N,
order_product_price,PRODUCT_PRICE,decimal(19\,2),\N,
order_product_price,PRODUCT_PRICE_CODE,varchar(64),\N,
order_product_price,PRODUCT_PRICE_NAME,varchar(255),\N,
order_product_price,PRODUCT_PRICE_SPECIAL,decimal(19\,2),\N,
order_product_price,PRD_PRICE_SPECIAL_END_DT,datetime,\N,
order_product_price,PRD_PRICE_SPECIAL_ST_DT,datetime,\N,
order_product_price,ORDER_PRODUCT_ID,bigint(20),\N,MUL
order_status_history,ORDER_STATUS_HISTORY_ID,bigint(20),\N,PRI
order_status_history,COMMENTS,longtext,\N,
order_status_history,CUSTOMER_NOTIFIED,int(11),\N,
order_status_history,DATE_ADDED,datetime,\N,
order_status_history,status,varchar(255),\N,
order_status_history,ORDER_ID,bigint(20),\N,MUL
order_total,ORDER_ACCOUNT_ID,bigint(20),\N,PRI
order_total,MODULE,varchar(60),\N,
order_total,CODE,varchar(255),\N,
order_total,ORDER_TOTAL_TYPE,varchar(255),\N,
order_total,ORDER_VALUE_TYPE,varchar(255),\N,
order_total,SORT_ORDER,int(11),\N,
order_total,TEXT,longtext,\N,
order_total,TITLE,varchar(255),\N,
order_total,VALUE,decimal(15\,4),\N,
order_total,ORDER_ID,bigint(20),\N,MUL
permission,PERMISSION_ID,int(11),\N,PRI
permission,DATE_CREATED,datetime,\N,
permission,DATE_MODIFIED,datetime,\N,
permission,UPDT_ID,varchar(20),\N,
permission,PERMISSION_NAME,varchar(255),\N,UNI
permission_group,PERMISSION_ID,int(11),\N,MUL
permission_group,GROUP_ID,int(11),\N,MUL
product,PRODUCT_ID,bigint(20),\N,PRI
product,DATE_CREATED,datetime,\N,
product,DATE_MODIFIED,datetime,\N,
product,UPDT_ID,varchar(20),\N,
product,AVAILABLE,tinyint(1),\N,
product,DATE_AVAILABLE,datetime,\N,
product,PRODUCT_HEIGHT,decimal(19\,2),\N,
product,PRODUCT_FREE,tinyint(1),\N,
product,PRODUCT_LENGTH,decimal(19\,2),\N,
product,QUANTITY_ORDERED,int(11),\N,
product,REVIEW_AVG,decimal(19\,2),\N,
product,REVIEW_COUNT,int(11),\N,
product,PRODUCT_SHIP,tinyint(1),\N,
product,PRODUCT_VIRTUAL,tinyint(1),\N,
product,PRODUCT_WEIGHT,decimal(19\,2),\N,
product,PRODUCT_WIDTH,decimal(19\,2),\N,
product,SKU,varchar(255),\N,
product,SORT_ORDER,int(11),\N,
product,MANUFACTURER_ID,bigint(20),\N,MUL
product,MERCHANT_ID,int(11),\N,MUL
product,TAX_CLASS_ID,bigint(20),\N,MUL
product,PRODUCT_TYPE_ID,bigint(20),\N,MUL
product_attribute,PRODUCT_ATTRIBUTE_ID,bigint(20),\N,PRI
product_attribute,PRODUCT_ATTRIBUTE_DEFAULT,tinyint(1),\N,
product_attribute,PRODUCT_ATTRIBUTE_DISCOUNTED,tinyint(1),\N,
product_attribute,PRODUCT_ATTRIBUTE_FOR_DISP,tinyint(1),\N,
product_attribute,PRODUCT_ATTRIBUTE_REQUIRED,tinyint(1),\N,
product_attribute,PRODUCT_ATTRIBUTE_FREE,tinyint(1),\N,
product_attribute,PRODUCT_ATRIBUTE_PRICE,decimal(19\,2),\N,
product_attribute,PRODUCT_ATTRIBUTE_WEIGHT,decimal(19\,2),\N,
product_attribute,PRODUCT_ATTRIBUTE_SORT_ORD,int(11),\N,
product_attribute,PRODUCT_ID,bigint(20),\N,MUL
product_attribute,OPTION_ID,bigint(20),\N,MUL
product_attribute,OPTION_VALUE_ID,bigint(20),\N,MUL
product_availability,PRODUCT_AVAIL_ID,bigint(20),\N,PRI
product_availability,DATE_AVAILABLE,date,\N,
product_availability,FREE_SHIPPING,tinyint(1),\N,
product_availability,QUANTITY,int(11),\N,
product_availability,QUANTITY_ORD_MAX,int(11),\N,
product_availability,QUANTITY_ORD_MIN,int(11),\N,
product_availability,STATUS,tinyint(1),\N,
product_availability,REGION,varchar(255),\N,
product_availability,REGION_VARIANT,varchar(255),\N,
product_availability,PRODUCT_ID,bigint(20),\N,MUL
product_category,PRODUCT_ID,bigint(20),\N,PRI
product_category,CATEGORY_ID,bigint(20),\N,PRI
product_description,DESCRIPTION_ID,bigint(20),\N,PRI
product_description,DATE_CREATED,datetime,\N,
product_description,DATE_MODIFIED,datetime,\N,
product_description,UPDT_ID,varchar(20),\N,
product_description,DESCRIPTION,longtext,\N,
product_description,NAME,varchar(120),\N,
product_description,TITLE,varchar(100),\N,
product_description,META_DESCRIPTION,varchar(255),\N,
product_description,META_KEYWORDS,varchar(255),\N,
product_description,META_TITLE,varchar(255),\N,
product_description,DOWNLOAD_LNK,varchar(255),\N,
product_description,PRODUCT_HIGHLIGHT,varchar(255),\N,
product_description,SEF_URL,varchar(255),\N,
product_description,LANGUAGE_ID,int(11),\N,MUL
product_description,PRODUCT_ID,bigint(20),\N,MUL
product_digital,PRODUCT_DIGITAL_ID,bigint(20),\N,PRI
product_digital,FILE_NAME,varchar(255),\N,
product_digital,PRODUCT_ID,bigint(20),\N,MUL
product_image,PRODUCT_IMAGE_ID,bigint(20),\N,PRI
product_image,DEFAULT_IMAGE,tinyint(1),\N,
product_image,IMAGE_CROP,tinyint(1),\N,
product_image,IMAGE_TYPE,int(11),\N,
product_image,PRODUCT_IMAGE,varchar(255),\N,
product_image,PRODUCT_ID,bigint(20),\N,MUL
product_image_description,DESCRIPTION_ID,bigint(20),\N,PRI
product_image_description,DATE_CREATED,datetime,\N,
product_image_description,DATE_MODIFIED,datetime,\N,
product_image_description,UPDT_ID,varchar(20),\N,
product_image_description,DESCRIPTION,longtext,\N,
product_image_description,NAME,varchar(120),\N,
product_image_description,TITLE,varchar(100),\N,
product_image_description,ALT_TAG,varchar(100),\N,
product_image_description,LANGUAGE_ID,int(11),\N,MUL
product_image_description,PRODUCT_IMAGE_ID,bigint(20),\N,MUL
product_option,PRODUCT_OPTION_ID,bigint(20),\N,PRI
product_option,PRODUCT_OPTION_CODE,varchar(255),\N,MUL
product_option,PRODUCT_OPTION_SORT_ORD,int(11),\N,
product_option,PRODUCT_OPTION_TYPE,varchar(10),\N,
product_option,PRODUCT_OPTION_READ,tinyint(1),\N,
product_option,MERCHANT_ID,int(11),\N,MUL
product_option_desc,DESCRIPTION_ID,bigint(20),\N,PRI
product_option_desc,DATE_CREATED,datetime,\N,
product_option_desc,DATE_MODIFIED,datetime,\N,
product_option_desc,UPDT_ID,varchar(20),\N,
product_option_desc,DESCRIPTION,longtext,\N,
product_option_desc,NAME,varchar(120),\N,
product_option_desc,TITLE,varchar(100),\N,
product_option_desc,PRODUCT_OPTION_COMMENT,longtext,\N,
product_option_desc,LANGUAGE_ID,int(11),\N,MUL
product_option_desc,PRODUCT_OPTION_ID,bigint(20),\N,MUL
product_option_value,PRODUCT_OPTION_VALUE_ID,bigint(20),\N,PRI
product_option_value,PRODUCT_OPTION_VAL_CODE,varchar(255),\N,MUL
product_option_value,PRODUCT_OPT_FOR_DISP,tinyint(1),\N,
product_option_value,PRODUCT_OPT_VAL_IMAGE,varchar(255),\N,
product_option_value,PRODUCT_OPT_VAL_SORT_ORD,int(11),\N,
product_option_value,MERCHANT_ID,int(11),\N,MUL
product_option_value_description,DESCRIPTION_ID,bigint(20),\N,PRI
product_option_value_description,DATE_CREATED,datetime,\N,
product_option_value_description,DATE_MODIFIED,datetime,\N,
product_option_value_description,UPDT_ID,varchar(20),\N,
product_option_value_description,DESCRIPTION,longtext,\N,
product_option_value_description,NAME,varchar(120),\N,
product_option_value_description,TITLE,varchar(100),\N,
product_option_value_description,LANGUAGE_ID,int(11),\N,MUL
product_option_value_description,PRODUCT_OPTION_VALUE_ID,bigint(20),\N,MUL
product_price,PRODUCT_PRICE_ID,bigint(20),\N,PRI
product_price,PRODUCT_PRICE_CODE,varchar(255),\N,
product_price,DEFAULT_PRICE,tinyint(1),\N,
product_price,PRODUCT_PRICE_AMOUNT,decimal(19\,2),\N,
product_price,PRODUCT_PRICE_SPECIAL_AMOUNT,decimal(19\,2),\N,
product_price,PRODUCT_PRICE_SPECIAL_END_DATE,date,\N,
product_price,PRODUCT_PRICE_SPECIAL_ST_DATE,date,\N,
product_price,PRODUCT_PRICE_TYPE,varchar(20),\N,
product_price,PRODUCT_AVAIL_ID,bigint(20),\N,MUL
product_price_description,DESCRIPTION_ID,bigint(20),\N,PRI
product_price_description,DATE_CREATED,datetime,\N,
product_price_description,DATE_MODIFIED,datetime,\N,
product_price_description,UPDT_ID,varchar(20),\N,
product_price_description,DESCRIPTION,longtext,\N,
product_price_description,NAME,varchar(120),\N,
product_price_description,TITLE,varchar(100),\N,
product_price_description,LANGUAGE_ID,int(11),\N,MUL
product_price_description,PRODUCT_PRICE_ID,bigint(20),\N,MUL
product_relationship,PRODUCT_RELATIONSHIP_ID,bigint(20),\N,PRI
product_relationship,ACTIVE,tinyint(1),\N,
product_relationship,CODE,varchar(255),\N,
product_relationship,PRODUCT_ID,bigint(20),\N,MUL
product_relationship,RELATED_PRODUCT_ID,bigint(20),\N,MUL
product_relationship,MERCHANT_ID,int(11),\N,MUL
product_review,PRODUCT_REVIEW_ID,bigint(20),\N,PRI
product_review,DATE_CREATED,datetime,\N,
product_review,DATE_MODIFIED,datetime,\N,
product_review,UPDT_ID,varchar(20),\N,
product_review,REVIEW_DATE,datetime,\N,
product_review,REVIEWS_RATING,double,\N,
product_review,REVIEWS_READ,bigint(20),\N,
product_review,STATUS,int(11),\N,
product_review,CUSTOMERS_ID,bigint(20),\N,MUL
product_review,PRODUCT_ID,bigint(20),\N,MUL
product_review_description,DESCRIPTION_ID,bigint(20),\N,PRI
product_review_description,DATE_CREATED,datetime,\N,
product_review_description,DATE_MODIFIED,datetime,\N,
product_review_description,UPDT_ID,varchar(20),\N,
product_review_description,DESCRIPTION,longtext,\N,
product_review_description,NAME,varchar(120),\N,
product_review_description,TITLE,varchar(100),\N,
product_review_description,LANGUAGE_ID,int(11),\N,MUL
product_review_description,PRODUCT_REVIEW_ID,bigint(20),\N,MUL
product_type,PRODUCT_TYPE_ID,bigint(20),\N,PRI
product_type,PRD_TYPE_ADD_TO_CART,tinyint(1),\N,
product_type,DATE_CREATED,datetime,\N,
product_type,DATE_MODIFIED,datetime,\N,
product_type,UPDT_ID,varchar(20),\N,
product_type,PRD_TYPE_CODE,varchar(255),\N,
shiping_origin,SHIP_ORIGIN_ID,bigint(20),\N,PRI
shiping_origin,ACTIVE,tinyint(1),\N,
shiping_origin,STREET_ADDRESS,varchar(256),\N,
shiping_origin,CITY,varchar(100),\N,
shiping_origin,POSTCODE,varchar(20),\N,
shiping_origin,STATE,varchar(100),\N,
shiping_origin,COUNTRY_ID,int(11),\N,MUL
shiping_origin,MERCHANT_ID,int(11),\N,MUL
shiping_origin,ZONE_ID,bigint(20),\N,MUL
shopping_cart,SHP_CART_ID,bigint(20),\N,PRI
shopping_cart,DATE_CREATED,datetime,\N,
shopping_cart,DATE_MODIFIED,datetime,\N,
shopping_cart,UPDT_ID,varchar(20),\N,
shopping_cart,CUSTOMER_ID,bigint(20),\N,MUL
shopping_cart,SHP_CART_CODE,varchar(255),\N,UNI
shopping_cart,MERCHANT_ID,int(11),\N,MUL
shopping_cart_attr_item,SHP_CART_ATTR_ITEM_ID,bigint(20),\N,PRI
shopping_cart_attr_item,DATE_CREATED,datetime,\N,
shopping_cart_attr_item,DATE_MODIFIED,datetime,\N,
shopping_cart_attr_item,UPDT_ID,varchar(20),\N,
shopping_cart_attr_item,PRODUCT_ATTR_ID,bigint(20),\N,
shopping_cart_attr_item,SHP_CART_ITEM_ID,bigint(20),\N,MUL
shopping_cart_item,SHP_CART_ITEM_ID,bigint(20),\N,PRI
shopping_cart_item,DATE_CREATED,datetime,\N,
shopping_cart_item,DATE_MODIFIED,datetime,\N,
shopping_cart_item,UPDT_ID,varchar(20),\N,
shopping_cart_item,PRODUCT_ID,bigint(20),\N,
shopping_cart_item,QUANTITY,int(11),\N,
shopping_cart_item,SHP_CART_ID,bigint(20),\N,MUL
sm_group,GROUP_ID,int(11),\N,PRI
sm_group,DATE_CREATED,datetime,\N,
sm_group,DATE_MODIFIED,datetime,\N,
sm_group,UPDT_ID,varchar(20),\N,
sm_group,GROUP_NAME,varchar(255),\N,UNI
sm_group,GROUP_TYPE,varchar(255),\N,
sm_sequencer,SEQ_NAME,varchar(255),\N,
sm_sequencer,SEQ_COUNT,int(11),\N,
sm_transaction,TRANSACTION_ID,bigint(20),\N,PRI
sm_transaction,AMOUNT,decimal(19\,2),\N,
sm_transaction,DATE_CREATED,datetime,\N,
sm_transaction,DATE_MODIFIED,datetime,\N,
sm_transaction,UPDT_ID,varchar(20),\N,
sm_transaction,DETAILS,longtext,\N,
sm_transaction,PAYMENT_TYPE,varchar(255),\N,
sm_transaction,TRANSACTION_DATE,datetime,\N,
sm_transaction,TRANSACTION_TYPE,varchar(255),\N,
sm_transaction,ORDER_ID,bigint(20),\N,MUL
system_configuration,SYSTEM_CONFIG_ID,bigint(20),\N,PRI
system_configuration,DATE_CREATED,datetime,\N,
system_configuration,DATE_MODIFIED,datetime,\N,
system_configuration,UPDT_ID,varchar(20),\N,
system_configuration,CONFIG_KEY,varchar(255),\N,
system_configuration,VALUE,varchar(255),\N,
system_notification,SYSTEM_NOTIF_ID,bigint(20),\N,PRI
system_notification,DATE_CREATED,datetime,\N,
system_notification,DATE_MODIFIED,datetime,\N,
system_notification,UPDT_ID,varchar(20),\N,
system_notification,END_DATE,date,\N,
system_notification,CONFIG_KEY,varchar(255),\N,
system_notification,START_DATE,date,\N,
system_notification,VALUE,varchar(255),\N,
system_notification,MERCHANT_ID,int(11),\N,MUL
system_notification,USER_ID,bigint(20),\N,MUL
tax_class,TAX_CLASS_ID,bigint(20),\N,PRI
tax_class,TAX_CLASS_CODE,varchar(10),\N,
tax_class,TAX_CLASS_TITLE,varchar(32),\N,
tax_class,MERCHANT_ID,int(11),\N,MUL
tax_rate,TAX_RATE_ID,bigint(20),\N,PRI
tax_rate,DATE_CREATED,datetime,\N,
tax_rate,DATE_MODIFIED,datetime,\N,
tax_rate,UPDT_ID,varchar(20),\N,
tax_rate,TAX_CODE,varchar(255),\N,MUL
tax_rate,PIGGYBACK,tinyint(1),\N,
tax_rate,STORE_STATE_PROV,varchar(100),\N,
tax_rate,TAX_PRIORITY,int(11),\N,
tax_rate,TAX_RATE,decimal(7\,4),\N,
tax_rate,COUNTRY_ID,int(11),\N,MUL
tax_rate,MERCHANT_ID,int(11),\N,MUL
tax_rate,PARENT_ID,bigint(20),\N,MUL
tax_rate,TAX_CLASS_ID,bigint(20),\N,MUL
tax_rate,ZONE_ID,bigint(20),\N,MUL
tax_rate_description,DESCRIPTION_ID,bigint(20),\N,PRI
tax_rate_description,DATE_CREATED,datetime,\N,
tax_rate_description,DATE_MODIFIED,datetime,\N,
tax_rate_description,UPDT_ID,varchar(20),\N,
tax_rate_description,DESCRIPTION,longtext,\N,
tax_rate_description,NAME,varchar(120),\N,
tax_rate_description,TITLE,varchar(100),\N,
tax_rate_description,LANGUAGE_ID,int(11),\N,MUL
tax_rate_description,TAX_RATE_ID,bigint(20),\N,MUL
user,USER_ID,bigint(20),\N,PRI
user,ACTIVE,tinyint(1),\N,
user,ADMIN_EMAIL,varchar(255),\N,
user,ADMIN_NAME,varchar(100),\N,UNI
user,ADMIN_PASSWORD,varchar(50),\N,
user,ADMIN_A1,varchar(255),\N,
user,ADMIN_A2,varchar(255),\N,
user,ADMIN_A3,varchar(255),\N,
user,DATE_CREATED,datetime,\N,
user,DATE_MODIFIED,datetime,\N,
user,UPDT_ID,varchar(20),\N,
user,ADMIN_FIRST_NAME,varchar(255),\N,
user,LAST_ACCESS,datetime,\N,
user,ADMIN_LAST_NAME,varchar(255),\N,
user,LOGIN_ACCESS,datetime,\N,
user,ADMIN_Q1,varchar(255),\N,
user,ADMIN_Q2,varchar(255),\N,
user,ADMIN_Q3,varchar(255),\N,
user,LANGUAGE_ID,int(11),\N,MUL
user,MERCHANT_ID,int(11),\N,MUL
user_group,USER_ID,bigint(20),\N,MUL
user_group,GROUP_ID,int(11),\N,MUL
zone,ZONE_ID,bigint(20),\N,PRI
zone,ZONE_CODE,varchar(255),\N,UNI
zone,COUNTRY_ID,int(11),\N,MUL
zone_description,DESCRIPTION_ID,bigint(20),\N,PRI
zone_description,DATE_CREATED,datetime,\N,
zone_description,DATE_MODIFIED,datetime,\N,
zone_description,UPDT_ID,varchar(20),\N,
zone_description,DESCRIPTION,longtext,\N,
zone_description,NAME,varchar(120),\N,
zone_description,TITLE,varchar(100),\N,
zone_description,LANGUAGE_ID,int(11),\N,MUL
zone_description,ZONE_ID,bigint(20),\N,MUL
